ProductName,Category,Price,Rating,NumReviews,StockQuantity,Discount,Sales,Order_date,City
Headphones,Electronics,400.31,1.7,3772,20,0.08,466,11-10-2023,Albuquerque
Headphones,Electronics,235.03,2.3,2919,663,0.33,1332,9-28-2023,Queens
Smartwatch,Electronics,417.9,1.8,1184,459,0.31,252,10-20-2023,Austin
Smartphone,Electronics,152.7,3.4,2047,475,0.49,1806,12-05-2023,Dallas
Laptop,Electronics,394.74,1.8,1267,831,0.23,1508,08-10-2023,Tucson
Headphones,Electronics,93.56,1.3,2435,600,0.48,241,9-21-2023,Louisville
Laptop,Electronics,57.86,3.7,1478,427,0.25,1966,05-08-2024,Cleveland
Laptop,Electronics,201.62,1.7,3073,389,0.1,1795,08-07-2023,Houston
Smartphone,Electronics,485.1,4.1,161,201,0.45,269,6-27-2023,Cape Coral
Smartwatch,Electronics,170,3.3,1275,701,0.16,719,10-19-2023,Minneapolis
Laptop,Electronics,274.45,3.3,4859,187,0.27,1064,01-07-2024,Memphis
Headphones,Electronics,90.98,1.1,2568,343,0.2,647,04-10-2024,Mesa
Headphones,Electronics,107.43,3.8,4514,288,0.3,1513,10-25-2023,Palm Bay
Laptop,Electronics,66.78,4.5,4875,929,0.05,502,04-11-2024,Columbia
Smartwatch,Electronics,336.3,3.4,2773,986,0.28,1762,03-03-2024,Seattle
Headphones,Electronics,359.49,4,502,766,0.13,794,11-18-2023,Hartford
Headphones,Electronics,64.34,2.8,863,742,0.24,1020,03-08-2024,Palm Bay
Smartwatch,Electronics,454.71,2,1678,170,0.1,524,01-04-2024,Charlotte
Headphones,Electronics,151.98,1.6,2625,681,0.4,1976,1-30-2024,Charlotte
Smartwatch,Electronics,403.8,1.7,1981,330,0.16,1371,10-25-2023,Akron
Laptop,Electronics,63.93,1.9,4029,632,0.41,1768,9-27-2023,San Francisco
Headphones,Electronics,90.68,3.1,4413,676,0.35,1257,12-23-2023,Austin
Smartwatch,Electronics,472.03,2.3,1495,232,0.2,1853,4-21-2024,Cincinnati
Smartwatch,Electronics,133.37,3,1636,624,0.5,698,2-20-2024,Spokane
Laptop,Electronics,256.31,1.2,3474,637,0.07,1707,11-07-2023,New York
Smartwatch,Electronics,280.92,3.4,3510,202,0.18,400,10-01-2023,Indianapolis
Laptop,Electronics,190.21,3.5,197,981,0.27,751,1-20-2024,Virginia Beach
Smartphone,Electronics,83.85,3,2511,348,0.43,763,07-02-2023,Baltimore
Headphones,Electronics,406.66,2.4,1734,819,0.47,1959,02-05-2024,Providence
Headphones,Electronics,469,1.6,4061,297,0.13,1787,1-20-2024,Buffalo
Laptop,Electronics,491.26,3.1,4976,1,0.5,253,1-24-2024,San Antonio
Smartphone,Electronics,451.2,3.5,2056,232,0.17,815,11-17-2023,Bronx
Headphones,Electronics,429.6,2.6,1696,919,0.43,1648,2-29-2024,Buffalo
Smartwatch,Electronics,294.54,2.5,98,152,0,1919,07-10-2023,Tulsa
Laptop,Electronics,349.03,3.6,4067,160,0.01,397,09-09-2023,Toledo
Smartwatch,Electronics,375.78,3.6,1218,400,0.15,687,5-21-2024,Seattle
Laptop,Electronics,299.04,4.9,562,437,0.45,26,10-30-2023,Virginia Beach
Smartphone,Electronics,256.29,3.3,959,480,0.1,1852,8-13-2023,Charlotte
Headphones,Electronics,290.28,4.1,16,171,0.47,476,4-27-2024,New York
Smartphone,Electronics,442.91,4,1060,279,0.17,301,12-14-2023,Cleveland
Jacket,Clothing,482.17,4.4,190,252,0.19,1184,9-30-2023,Harrisburg
Jacket,Clothing,93.05,3.2,569,322,0.29,1815,2-19-2024,Portland
Sweater,Clothing,338.86,2.4,154,489,0.44,784,2-29-2024,Spokane
T-Shirt,Clothing,76.94,3.8,2806,537,0.41,920,5-30-2024,Ogden
Sweater,Clothing,260.56,3,4780,19,0.32,511,1-22-2024,San Juan
Sweater,Clothing,444.44,1.1,4929,799,0.29,853,4-22-2024,Grand Rapids
T-Shirt,Clothing,85.97,4.9,1715,681,0.41,1077,03-03-2024,Wichita
T-Shirt,Clothing,415.66,2.1,4,102,0.04,876,6-28-2023,Las Vegas
Jacket,Clothing,352.76,1.6,4364,369,0.26,1693,1-17-2024,St. Louis
T-Shirt,Clothing,205.42,2.7,1369,740,0.09,1853,09-07-2023,Memphis
Jacket,Clothing,351.03,2.6,1081,633,0.08,801,03-08-2024,Albany
Jeans,Clothing,56,1.7,4992,271,0.26,703,04-04-2024,Knoxville
Jeans,Clothing,367.72,1.2,4249,655,0.08,1109,12-10-2023,San Francisco
T-Shirt,Clothing,66.88,1.2,2141,749,0.49,452,11-21-2023,Louisville
Sweater,Clothing,57.94,3,4646,611,0.09,1757,6-21-2023,Buffalo
Jacket,Clothing,33.55,4.8,2849,179,0.19,761,1-17-2024,Hartford
Jeans,Clothing,255.51,3.2,4611,15,0.04,1782,9-28-2023,San Diego
T-Shirt,Clothing,434.93,3.5,851,663,0.34,1698,05-10-2024,Minneapolis
T-Shirt,Clothing,407.49,4.3,3913,42,0.1,396,5-31-2024,Palm Bay
Jacket,Clothing,194.86,1.2,753,34,0.17,89,9-22-2023,San Jose
T-Shirt,Clothing,423.99,1.1,417,114,0.14,1219,08-03-2023,Toledo
T-Shirt,Clothing,180.68,4.7,728,276,0.48,675,6-21-2023,Dallas
T-Shirt,Clothing,288.57,3.3,1122,547,0.19,95,01-12-2024,Boise
Jacket,Clothing,466.07,4.4,3440,694,0.38,216,6-23-2023,Albuquerque
T-Shirt,Clothing,195.09,3.1,595,879,0.19,396,12-08-2023,Louisville
Jacket,Clothing,200.71,1,4171,264,0.16,717,11-02-2023,San Jose
Sweater,Clothing,246.44,3,143,884,0.05,395,5-18-2024,Kansas City
Sweater,Clothing,339.53,4,3222,143,0.39,108,12-14-2023,San Francisco
Jeans,Clothing,487.38,5,4729,132,0.37,732,10-21-2023,Los Angeles
Jacket,Clothing,67.36,1.6,953,491,0.43,1253,06-05-2024,Staten Island
Jeans,Clothing,353.47,1.3,2993,794,0.35,1540,5-14-2024,Chicago
T-Shirt,Clothing,124.28,3.3,1388,832,0.44,1680,7-21-2023,Atlanta
T-Shirt,Clothing,300.03,2.4,3486,786,0.39,1205,12-28-2023,Louisville
Jacket,Clothing,131.87,2.3,3522,172,0.01,1243,02-07-2024,Omaha
Jeans,Clothing,373.08,4.1,894,360,0.37,386,6-30-2023,Salt Lake City
Jeans,Clothing,206.11,2.9,823,928,0.11,133,4-15-2024,New Orleans
Sweater,Clothing,489.17,3.2,4910,148,0.02,1236,11-22-2023,Denver
Sweater,Clothing,46.16,3.2,3512,401,0.08,1328,5-29-2024,Pittsburgh
Jacket,Clothing,232.73,3.5,3330,655,0.37,970,5-31-2024,Palm Bay
Jeans,Clothing,475.7,4.6,3019,407,0.31,1031,02-11-2024,Providence
Coffee Maker,Home & Kitchen,326.96,2.6,539,731,0.18,739,12-03-2023,Des Moines
Microwave,Home & Kitchen,352.1,3.1,2508,731,0.14,908,4-27-2024,Spokane
Microwave,Home & Kitchen,413.04,4.8,255,708,0.31,449,06-02-2024,Bronx
Coffee Maker,Home & Kitchen,439.56,3.2,1015,800,0.39,145,11-01-2023,Mesa
Microwave,Home & Kitchen,83.7,3.4,4158,216,0.48,794,12-18-2023,Akron
Blender,Home & Kitchen,41.12,1.1,510,384,0.01,822,06-06-2024,Grand Rapids
Coffee Maker,Home & Kitchen,408.32,5,1460,22,0.38,676,11-23-2023,Madison
Toaster,Home & Kitchen,195.15,2,2048,50,0.14,1795,8-29-2023,Fort Worth
Toaster,Home & Kitchen,185.5,1.5,249,673,0.24,770,08-11-2023,Grand Rapids
Coffee Maker,Home & Kitchen,410.03,4.9,3037,733,0.4,400,2-21-2024,Tulsa
Microwave,Home & Kitchen,24.1,4,3981,577,0.4,102,12-03-2023,Omaha
Coffee Maker,Home & Kitchen,490.43,3.4,1358,858,0.05,1331,10-07-2023,San Francisco
Toaster,Home & Kitchen,230.95,4.6,4637,758,0.26,80,1-31-2024,Portland
Blender,Home & Kitchen,82.07,4.7,2832,507,0.03,68,05-09-2024,El Paso
Toaster,Home & Kitchen,251.38,2.3,3818,42,0.12,1906,2-22-2024,Houston
Blender,Home & Kitchen,235.46,3.3,3445,911,0.32,359,12-11-2023,Houston
Blender,Home & Kitchen,449.43,2.9,4188,671,0.09,633,4-22-2024,Concord
Microwave,Home & Kitchen,412.68,2.4,4777,828,0.02,837,06-11-2024,Charlotte
Blender,Home & Kitchen,235.78,1.8,2593,944,0.25,1836,3-31-2024,Pittsburgh
Toaster,Home & Kitchen,401.71,3.5,2286,55,0.44,830,4-25-2024,Los Angeles
Blender,Home & Kitchen,11.27,4.5,2055,624,0.3,1715,11-18-2023,Tucson
Microwave,Home & Kitchen,191.53,2.9,4569,27,0.18,1239,01-10-2024,Washington
Toaster,Home & Kitchen,82.39,1.5,1646,918,0.26,1774,09-12-2023,San Diego
Toaster,Home & Kitchen,183.53,2.6,4580,27,0.01,1976,9-13-2023,Tulsa
Microwave,Home & Kitchen,53.71,3.1,4632,144,0.17,24,04-05-2024,Boston
Toaster,Home & Kitchen,396.69,3,2158,227,0.27,33,2-22-2024,Madison
Coffee Maker,Home & Kitchen,297.4,3.3,2472,612,0.18,1305,7-28-2023,Detroit
Toaster,Home & Kitchen,129.73,3,3812,376,0.12,661,09-09-2023,Oklahoma City
Toaster,Home & Kitchen,189.02,3,3421,842,0.04,349,03-09-2024,Fort Worth
Coffee Maker,Home & Kitchen,449.42,1.3,242,542,0.21,547,11-02-2023,New York
Toaster,Home & Kitchen,204.95,4.9,3,846,0.41,880,03-10-2024,Baltimore
Coffee Maker,Home & Kitchen,364.22,4.3,4289,846,0.27,1049,12-22-2023,Tucson
Coffee Maker,Home & Kitchen,110.49,4.9,1810,723,0.25,112,1-24-2024,Columbia
Microwave,Home & Kitchen,356.54,4.1,1573,804,0.25,1534,6-22-2023,Albany
Blender,Home & Kitchen,270.97,1.2,4785,9,0.27,1673,12-23-2023,Allentown
Toaster,Home & Kitchen,167.95,4.2,320,318,0.34,784,9-21-2023,Grand Rapids
Microwave,Home & Kitchen,241.85,3.4,3490,605,0.05,1604,7-30-2023,Phoenix
Coffee Maker,Home & Kitchen,482.86,1.5,375,458,0.47,587,05-08-2024,Albany
Blender,Home & Kitchen,373.15,3.3,3850,872,0.38,1851,8-31-2023,Madison
Microwave,Home & Kitchen,90.49,4.3,77,409,0.45,600,10-19-2023,Orlando
Biography,Books,202.3,4.3,1318,615,0.19,1714,02-08-2024,Denver
Biography,Books,274.49,2.8,992,664,0.18,1006,08-08-2023,Sacramento
Fantasy Book,Books,122.22,3.2,197,645,0.17,1202,05-01-2024,Port St. Lucie
Fantasy Book,Books,91.7,4.5,2035,477,0.45,419,01-07-2024,Pittsburgh
Biography,Books,378.68,3.8,950,288,0.02,597,7-26-2023,Staten Island
Biography,Books,252.05,4,2853,908,0.06,227,11-09-2023,Chicago
Fantasy Book,Books,204.67,4.2,3228,46,0.2,1708,02-03-2024,Charlotte
Science Book,Books,324.16,3.8,793,810,0.3,1683,06-01-2024,Des Moines
Biography,Books,455.14,3.3,4807,22,0.23,301,6-15-2023,San Francisco
Fantasy Book,Books,456.81,1.6,3281,984,0.13,1639,08-01-2023,Fort Worth
Science Book,Books,466.74,3.3,2935,804,0.35,1129,03-12-2024,Tulsa
Science Book,Books,307.29,2.7,3533,295,0.42,778,9-29-2023,Manhattan
Biography,Books,125.59,1.7,1205,982,0.46,1854,4-18-2024,St. Louis
Science Book,Books,299.72,2.6,1332,136,0.1,312,2-16-2024,Portland
Biography,Books,173.41,2.6,536,601,0.46,385,11-15-2023,Port St. Lucie
Science Book,Books,371.38,2.8,954,875,0.46,1205,01-12-2024,Fresno
Novel,Books,254.2,2.7,4380,62,0.14,665,01-08-2024,Denton
Biography,Books,335.13,1.7,3432,688,0.28,341,04-10-2024,Boise
Novel,Books,100.39,2.2,1759,140,0.2,434,11-14-2023,Chicago
Biography,Books,110.52,1.8,4524,476,0.24,1447,5-24-2024,Charlotte
Biography,Books,154.08,3.9,3057,193,0.27,1136,2-19-2024,Bronx
Biography,Books,284.22,1.6,3335,924,0.04,1666,8-29-2023,Denver
Biography,Books,142.66,3.6,3451,992,0.01,1499,8-29-2023,Los Angeles
Biography,Books,434.83,2.6,4408,758,0.13,442,10-01-2023,Detroit
Novel,Books,301.57,2.4,3300,578,0.44,1627,9-22-2023,Louisville
Biography,Books,404.6,5,1311,119,0.4,1935,12-30-2023,New York
Biography,Books,110.44,2.2,943,977,0.01,774,01-03-2024,Port St. Lucie
Science Book,Books,425.58,1.5,914,547,0.32,81,06-10-2024,Little Rock
Novel,Books,410.55,2.4,4841,385,0.18,1142,5-23-2024,Little Rock
Novel,Books,179.14,4.1,3577,853,0.39,592,11-23-2023,Jacksonville
Biography,Books,248.84,4.6,4223,735,0.21,1138,11-16-2023,Wichita
Biography,Books,373.43,3.8,1304,358,0.11,1301,10-21-2023,Orlando
Biography,Books,492.36,3.1,3180,609,0.14,74,7-22-2023,Los Angeles
Biography,Books,269.53,4.3,40,933,0.03,1700,01-11-2024,Port St. Lucie
Biography,Books,416.57,1.8,341,980,0.13,1310,1-30-2024,Salt Lake City
Science Book,Books,302.73,3.4,454,905,0.46,921,12-05-2023,St. Louis
Biography,Books,216.8,2.4,1386,704,0.04,1315,09-04-2023,Baltimore
Novel,Books,200.75,2.2,1136,186,0.15,1250,08-07-2023,Tucson
Biography,Books,204.36,4.8,4501,68,0.24,1785,05-07-2024,Baltimore
Science Book,Books,138.51,3.4,3920,957,0.48,481,11-24-2023,Provo
Board Game,Toys & Games,242.38,2.4,2343,16,0.21,60,2-29-2024,Queens
Board Game,Toys & Games,235.24,1.3,3569,228,0,1458,03-02-2024,Milwaukee
Board Game,Toys & Games,60.52,2.3,4090,816,0.07,329,4-16-2024,Denver
Puzzle,Toys & Games,265.44,1.3,3663,215,0.38,660,3-23-2024,Cape Coral
Puzzle,Toys & Games,364.81,3.5,3726,570,0.49,1900,5-17-2024,Tampa
Puzzle,Toys & Games,31.64,3.4,400,918,0.28,1109,10-06-2023,Dayton
Puzzle,Toys & Games,26.63,3.8,4232,882,0.46,1521,08-02-2023,Atlanta
Puzzle,Toys & Games,399.72,4,2419,934,0.23,1466,03-01-2024,Mission Viejo
Action Figure,Toys & Games,328.58,2.5,2667,187,0.24,130,8-24-2023,Harrisburg
Puzzle,Toys & Games,176.54,3.9,4459,38,0.16,496,06-08-2024,Harrisburg
Action Figure,Toys & Games,334.21,4,4111,492,0.31,893,08-06-2023,Riverside
Puzzle,Toys & Games,436.35,1.1,4854,780,0.26,1439,03-08-2024,Boston
Puzzle,Toys & Games,44.31,1,4124,957,0.04,317,10-11-2023,Milwaukee
Toy Car,Toys & Games,317.48,4.5,1262,376,0.38,920,6-19-2023,El Paso
Toy Car,Toys & Games,371.42,2,2050,428,0.18,1693,7-24-2023,Mesa
Board Game,Toys & Games,124.47,1.2,704,948,0.49,584,08-12-2023,Baltimore
Action Figure,Toys & Games,343.03,1.9,2041,804,0.39,938,11-27-2023,Raleigh
Puzzle,Toys & Games,440.77,4.8,10,61,0.31,1176,11-26-2023,Nashville
Toy Car,Toys & Games,41.84,2.6,884,242,0.26,1353,2-26-2024,Tulsa
Board Game,Toys & Games,198.2,1.1,2553,258,0.41,1540,9-25-2023,Akron
Board Game,Toys & Games,484.86,4.5,3170,19,0.5,1596,12-17-2023,Houston
Board Game,Toys & Games,351.05,1.6,4255,738,0.11,1143,3-15-2024,New Orleans
Action Figure,Toys & Games,448.51,4.4,1290,616,0.2,634,5-14-2024,Albuquerque
Action Figure,Toys & Games,31.74,4.4,4265,520,0.16,1560,9-25-2023,Miami
Puzzle,Toys & Games,52.62,2.6,974,37,0.13,1924,12-19-2023,Miami
Board Game,Toys & Games,270.98,4.8,1711,972,0.45,972,3-23-2024,Jacksonville
Board Game,Toys & Games,252.62,2.9,2396,114,0.41,1591,05-03-2024,Buffalo
Board Game,Toys & Games,276.45,4.5,1312,261,0.26,335,12-27-2023,Boise
Toy Car,Toys & Games,426.79,4.5,1704,780,0.42,1368,12-14-2023,San Francisco
Board Game,Toys & Games,61.86,3.8,4795,6,0.44,556,08-03-2023,Charlotte
Action Figure,Toys & Games,24.33,4.3,2719,362,0.11,1574,3-22-2024,Virginia Beach
Toy Car,Toys & Games,282.53,4,1547,294,0.1,1548,4-27-2024,Providence
Puzzle,Toys & Games,490.78,3.5,4795,447,0.27,674,7-22-2023,Ogden
Puzzle,Toys & Games,382.9,3.2,1247,993,0.17,571,7-13-2023,Allentown
Board Game,Toys & Games,379.31,4.2,1887,483,0.03,730,12-03-2023,New Haven
Action Figure,Toys & Games,387.78,3.8,885,704,0.03,1143,11-15-2023,Albany
Board Game,Toys & Games,495.17,3.7,4811,675,0.32,947,06-05-2024,Detroit
Action Figure,Toys & Games,20.84,2.3,3999,946,0.13,1561,10-30-2023,Albany
Action Figure,Toys & Games,472.71,1.4,38,270,0.4,156,3-29-2024,Albuquerque
Toy Car,Toys & Games,421.57,4.1,3155,21,0.07,1730,07-11-2023,Cincinnati
Fish Oil,Vitamins and supplements,84.02,2.7,4116,302,0.21,1978,3-20-2024,Spokane
Fish Oil,Vitamins and supplements,382.45,2.8,4665,891,0.36,1185,01-01-2024,El Paso
Protein Powder,Vitamins and supplements,435.38,3.9,1809,270,0.24,1562,04-01-2024,Columbus
Protein Powder,Vitamins and supplements,100.91,4.5,3380,519,0.39,1709,4-23-2024,New York
Protein Powder,Vitamins and supplements,18.75,4.2,692,535,0.46,898,4-27-2024,Cleveland
Vitamin D,Vitamins and supplements,245.95,1.5,3344,893,0.34,1763,06-03-2024,McAllen
Fish Oil,Vitamins and supplements,120.51,1.6,116,385,0.4,394,04-09-2024,Knoxville
Multivitamin,Vitamins and supplements,83.29,2.9,2013,319,0.2,1518,03-09-2024,Spokane
Fish Oil,Vitamins and supplements,152.91,3.8,2043,101,0.45,778,11-11-2023,Columbus
Vitamin D,Vitamins and supplements,61.42,2,2936,45,0.07,591,08-07-2023,San Diego
Fish Oil,Vitamins and supplements,113.07,2.4,935,927,0.47,1888,06-10-2024,Charleston
Multivitamin,Vitamins and supplements,53.05,2.4,917,102,0.07,870,3-14-2024,Milwaukee
Fish Oil,Vitamins and supplements,349.67,4.3,105,886,0.34,1895,7-31-2023,San Francisco
Vitamin D,Vitamins and supplements,449.15,3.4,3144,358,0.31,552,11-21-2023,Detroit
Protein Powder,Vitamins and supplements,474.2,3.5,1107,317,0.31,382,06-05-2024,Wichita
Vitamin D,Vitamins and supplements,448.46,3.2,3385,21,0.23,514,02-06-2024,New Haven
Multivitamin,Vitamins and supplements,90.36,2.8,2134,523,0.08,1324,10-13-2023,McAllen
Fish Oil,Vitamins and supplements,171.22,2.9,4780,903,0.44,308,12-12-2023,Sacramento
Protein Powder,Vitamins and supplements,254.12,3.2,661,548,0.5,872,4-14-2024,Charleston
Vitamin D,Vitamins and supplements,49.95,2.6,4540,92,0.21,1230,6-25-2023,Spokane
Vitamin D,Vitamins and supplements,236.69,4.5,158,953,0.37,403,8-24-2023,Akron
Protein Powder,Vitamins and supplements,370.32,4.1,955,151,0.27,946,03-08-2024,Atlanta
Multivitamin,Vitamins and supplements,224.92,3.9,3811,577,0.3,931,9-24-2023,Queens
Vitamin D,Vitamins and supplements,145.65,3.4,1269,636,0.11,1260,5-25-2024,Denver
Protein Powder,Vitamins and supplements,419.64,1.9,4889,519,0.2,477,3-17-2024,Baltimore
Fish Oil,Vitamins and supplements,126.4,4.9,374,292,0.43,1004,05-02-2024,Columbus
Fish Oil,Vitamins and supplements,57.72,2.6,13,503,0.29,1107,02-03-2024,New York
Vitamin D,Vitamins and supplements,90.13,2.6,2040,27,0.13,1252,9-25-2023,Jacksonville
Vitamin D,Vitamins and supplements,298.32,3.4,4396,918,0.23,1418,06-02-2024,Birmingham
Vitamin D,Vitamins and supplements,226.59,2.3,2891,861,0.07,132,09-10-2023,McAllen
Protein Powder,Vitamins and supplements,312.4,3.8,575,885,0.08,1144,2-26-2024,St. Louis
Multivitamin,Vitamins and supplements,184.8,3.1,2352,496,0.35,1847,01-08-2024,Staten Island
Vitamin D,Vitamins and supplements,435.45,1.8,956,915,0.13,1665,8-24-2023,Hartford
Protein Powder,Vitamins and supplements,35.33,3.6,1058,197,0.09,1082,7-23-2023,Spokane
Multivitamin,Vitamins and supplements,258.55,1.2,4585,275,0.49,1239,10-05-2023,Dayton
Vitamin D,Vitamins and supplements,18.52,2.3,3868,184,0.29,1207,12-17-2023,Orlando
Vitamin D,Vitamins and supplements,336.76,1.6,4403,335,0.47,891,06-04-2024,McAllen
Fish Oil,Vitamins and supplements,102.29,3.9,4612,494,0.09,1825,12-02-2023,Hartford
Vitamin D,Vitamins and supplements,489.53,2.5,3485,113,0.12,1561,1-28-2024,Columbia
Vitamin D,Vitamins and supplements,289.6,1.1,1863,344,0.34,800,06-11-2024,Grand Rapids
Sunscreen,Skin care,471.03,4.3,1327,68,0.29,1981,11-05-2023,Palm Bay
Cleanser,Skin care,499.71,1.2,3232,680,0.5,780,3-31-2024,Chicago
Moisturizer,Skin care,287.84,4,1347,609,0.2,493,02-01-2024,McAllen
Cleanser,Skin care,224.7,4.6,1000,278,0.22,1354,02-04-2024,Palm Bay
Toner,Skin care,155.47,3.6,2772,654,0.32,710,1-21-2024,Portland
Moisturizer,Skin care,196.41,3.2,1440,304,0.27,290,03-02-2024,Cleveland
Cleanser,Skin care,297.66,1.7,2889,961,0.23,1026,3-19-2024,New York
Cleanser,Skin care,476.22,4.4,1947,628,0.41,664,5-31-2024,Bronx
Moisturizer,Skin care,205.42,3.3,3371,739,0.3,943,07-05-2023,Provo
Cleanser,Skin care,375.97,3.9,1004,20,0.1,1014,07-12-2023,Colorado Springs
Sunscreen,Skin care,44.93,4.8,714,50,0.03,788,1-23-2024,Omaha
Cleanser,Skin care,105.33,1.7,963,372,0.14,1562,01-07-2024,Miami
Sunscreen,Skin care,270.81,3.3,105,419,0.36,1,3-27-2024,Sacramento
Toner,Skin care,413.36,3.1,1286,350,0.43,1062,01-05-2024,Cleveland
Sunscreen,Skin care,154.69,4.2,444,297,0.46,1107,9-23-2023,San Juan
Cleanser,Skin care,279.61,1.2,2938,140,0.3,1141,09-09-2023,Orlando
Cleanser,Skin care,300.83,4.2,9,983,0.21,1660,12-25-2023,Denton
Toner,Skin care,387.27,3.2,4954,292,0.15,663,5-24-2024,Spokane
Toner,Skin care,217.63,3.7,145,914,0.31,992,10-14-2023,Mesa
Moisturizer,Skin care,92.33,3.9,1249,672,0.11,661,8-24-2023,Oklahoma City
Sunscreen,Skin care,122.82,1.8,1546,649,0.13,1100,10-02-2023,Portland
Moisturizer,Skin care,494.01,1.5,3729,834,0.22,636,12-28-2023,Minneapolis
Moisturizer,Skin care,349.29,5,4795,301,0.05,1241,03-02-2024,Austin
Cleanser,Skin care,453.71,4.1,4131,743,0.32,1699,3-31-2024,Phoenix
Toner,Skin care,189.81,2.4,3046,707,0.22,827,02-03-2024,Bakersfield
Toner,Skin care,402.17,1.9,2823,229,0.3,66,8-17-2023,Riverside
Moisturizer,Skin care,233.86,1.8,2774,171,0.33,1232,8-26-2023,Reno
Cleanser,Skin care,228.71,2.3,661,811,0.04,452,7-15-2023,Omaha
Moisturizer,Skin care,348.1,1.8,207,617,0.05,632,4-18-2024,Orlando
Toner,Skin care,10.61,2.2,3719,979,0.24,1565,10-19-2023,Albany
Sunscreen,Skin care,205.66,1.6,1540,979,0.46,363,7-27-2023,Sacramento
Moisturizer,Skin care,339.06,1.4,4551,742,0.43,1012,9-14-2023,Cleveland
Toner,Skin care,393.19,3.8,3725,803,0.15,113,10-19-2023,Tampa
Cleanser,Skin care,196.65,2.4,2496,842,0.41,1725,01-10-2024,Raleigh
Toner,Skin care,437.93,1.6,405,938,0.29,1339,03-03-2024,Mesa
Toner,Skin care,112.17,4.7,4137,677,0.41,1826,01-06-2024,Dallas
Toner,Skin care,270.92,3.9,3138,847,0.11,1549,3-31-2024,Miami
Sunscreen,Skin care,207.46,1.7,4225,930,0.17,1811,9-30-2023,Richmond
Cleanser,Skin care,413.02,1.5,4259,94,0.24,1133,07-12-2023,Milwaukee
Cleanser,Skin care,416.37,2.3,2530,936,0.41,1676,2-16-2024,Sacramento
Mascara,Makeup,43.4,1.1,536,78,0.48,1979,5-31-2024,Akron
Blush,Makeup,69.8,3.4,542,845,0.44,988,08-01-2023,Columbus
Lipstick,Makeup,324,1.9,4349,129,0.33,466,8-30-2023,Palm Bay
Lipstick,Makeup,286.58,1.8,4737,381,0.5,1276,4-17-2024,Albany
Lipstick,Makeup,492,2,4244,328,0.39,1517,9-23-2023,Akron
Blush,Makeup,348.89,3.5,1638,551,0.41,1382,08-09-2023,Atlanta
Foundation,Makeup,315.71,3.1,3302,689,0.07,1651,12-04-2023,Oklahoma City
Mascara,Makeup,330.5,2.4,2139,981,0.41,1764,3-18-2024,Detroit
Foundation,Makeup,15.41,2.7,2293,741,0.13,649,08-03-2023,New York
Blush,Makeup,272.3,1.9,2009,241,0.31,1716,07-10-2023,Madison
Foundation,Makeup,480.19,3,3042,496,0.27,702,08-09-2023,Providence
Blush,Makeup,58.06,3,545,563,0.12,593,10-24-2023,Jacksonville
Lipstick,Makeup,194.19,2.6,3493,553,0.39,396,2-20-2024,Columbia
Foundation,Makeup,60.05,3.6,424,128,0.4,1583,5-14-2024,Milwaukee
Foundation,Makeup,422.03,1.2,2279,788,0.41,758,8-27-2023,Richmond
Blush,Makeup,448.61,3.5,78,912,0.03,855,12-22-2023,Des Moines
Lipstick,Makeup,61.79,5,2148,7,0.02,1528,3-17-2024,Queens
Lipstick,Makeup,332.93,4.2,2711,16,0.48,276,10-24-2023,Birmingham
Mascara,Makeup,236.35,5,4531,398,0.47,498,5-15-2024,Austin
Lipstick,Makeup,95.31,1.4,2037,351,0.03,137,05-05-2024,Bakersfield
Lipstick,Makeup,50.26,4.9,1246,647,0.38,920,7-19-2023,Mesa
Mascara,Makeup,337,1,1827,381,0.13,1640,12-26-2023,McAllen
Foundation,Makeup,269.85,1.2,369,777,0.4,651,07-01-2023,Palm Bay
Blush,Makeup,65.84,2.9,3983,287,0.31,1249,06-01-2024,Cleveland
Mascara,Makeup,175.75,4.7,2230,968,0.19,1850,7-14-2023,Raleigh
Blush,Makeup,200.44,1.7,4083,413,0.46,1195,8-29-2023,San Diego
Lipstick,Makeup,444.59,3.6,4066,121,0.41,1654,05-04-2024,Mission Viejo
Foundation,Makeup,136.63,3.2,2196,396,0.11,1661,8-15-2023,Detroit
Blush,Makeup,283.33,1.7,1759,202,0.16,661,10-21-2023,Providence
Foundation,Makeup,469.32,1.2,3537,769,0.07,462,09-03-2023,Madison
Mascara,Makeup,114.62,3,4183,43,0.37,1706,12-06-2023,Hartford
Foundation,Makeup,259.1,2.2,2066,22,0.34,1830,2-25-2024,Tucson
Lipstick,Makeup,439.8,2.7,361,185,0,128,6-14-2023,Mesa
Foundation,Makeup,441.91,2.1,1855,873,0.33,472,06-02-2024,Manhattan
Foundation,Makeup,369.2,3.5,922,65,0.18,1036,3-18-2024,San Francisco
Mascara,Makeup,382.89,1.1,2256,973,0.1,1441,5-23-2024,Phoenix
Lipstick,Makeup,380.57,4.4,3895,210,0.5,131,2-22-2024,Hartford
Foundation,Makeup,325.25,4.1,1013,226,0.07,1765,08-07-2023,Mesa
Blush,Makeup,97.4,1.1,4283,56,0.19,272,2-14-2024,Salt Lake City
Lipstick,Makeup,245.68,3.6,4431,697,0.28,899,10-02-2023,Hartford
Denim Jacket,Coats and jackets,341.47,4.2,3259,59,0.16,1342,11-14-2023,Palm Bay
Rain Jacket,Coats and jackets,350.75,4,2974,867,0.26,431,12-22-2023,Chicago
Denim Jacket,Coats and jackets,69.96,3.9,2528,145,0.19,1136,10-05-2023,Provo
Denim Jacket,Coats and jackets,370.47,5,1019,117,0.32,400,11-27-2023,McAllen
Denim Jacket,Coats and jackets,253.12,1.7,398,709,0.5,123,3-29-2024,Concord
Leather Jacket,Coats and jackets,290.22,3.4,499,572,0.49,1794,2-26-2024,San Juan
Winter Coat,Coats and jackets,297.05,3.3,2757,848,0.46,562,10-11-2023,Hartford
Leather Jacket,Coats and jackets,137.06,2.7,4676,348,0.23,48,3-30-2024,Cape Coral
Denim Jacket,Coats and jackets,246.65,1.5,3331,637,0.36,1009,02-04-2024,Indianapolis
Denim Jacket,Coats and jackets,367.46,4.1,685,827,0.07,1592,05-12-2024,Boise
Denim Jacket,Coats and jackets,331.91,4.8,1431,875,0.02,1365,11-05-2023,Des Moines
Leather Jacket,Coats and jackets,131.02,4.6,631,905,0.14,1205,2-27-2024,Concord
Winter Coat,Coats and jackets,390.59,1.3,1719,618,0.03,249,6-15-2023,Rochester
Winter Coat,Coats and jackets,179.5,2.3,3141,638,0.12,671,10-08-2023,Charlotte
Leather Jacket,Coats and jackets,482.06,3.2,1449,665,0.21,895,1-22-2024,Des Moines
Winter Coat,Coats and jackets,252.3,4.9,3652,130,0.36,1956,08-12-2023,Akron
Leather Jacket,Coats and jackets,161.26,4.8,1931,444,0.06,1201,2-16-2024,Harrisburg
Denim Jacket,Coats and jackets,214.82,1.4,597,288,0.26,1596,04-12-2024,Boise
Rain Jacket,Coats and jackets,207.95,3.2,3669,176,0.27,965,11-27-2023,Chicago
Rain Jacket,Coats and jackets,247.5,1.7,1537,21,0.42,1089,7-18-2023,Kansas City
Rain Jacket,Coats and jackets,432.37,2.8,3750,85,0.15,1959,8-23-2023,Spokane
Denim Jacket,Coats and jackets,184.43,4.9,2290,830,0.25,31,09-09-2023,Bridgeport
Denim Jacket,Coats and jackets,276.98,4,4979,213,0.01,743,11-12-2023,Springfield
Leather Jacket,Coats and jackets,441,4.5,3048,679,0.49,1049,04-07-2024,Atlanta
Winter Coat,Coats and jackets,56.13,2.4,1067,96,0.2,226,9-24-2023,Virginia Beach
Leather Jacket,Coats and jackets,331.82,4.3,4402,778,0.1,1609,06-04-2024,Rochester
Denim Jacket,Coats and jackets,184.77,4,484,596,0.16,904,4-26-2024,Oakland
Leather Jacket,Coats and jackets,458.39,3.1,4563,453,0.4,774,07-12-2023,New York
Leather Jacket,Coats and jackets,187.92,4.6,1898,39,0.25,219,02-04-2024,Kansas City
Leather Jacket,Coats and jackets,100.27,4.6,687,618,0.16,989,10-10-2023,Pittsburgh
Leather Jacket,Coats and jackets,442.38,4.2,3958,15,0.49,1132,5-22-2024,Las Vegas
Rain Jacket,Coats and jackets,320.99,1.7,1125,505,0.21,246,02-05-2024,Akron
Leather Jacket,Coats and jackets,346.56,1.4,2243,792,0.41,1689,1-31-2024,Little Rock
Leather Jacket,Coats and jackets,101.83,4.4,1395,485,0.27,210,4-13-2024,Spokane
Denim Jacket,Coats and jackets,494.15,4.6,1899,456,0.18,1249,02-02-2024,Tampa
Denim Jacket,Coats and jackets,174.25,1.7,3348,155,0.41,189,01-01-2024,Dallas
Denim Jacket,Coats and jackets,453.63,4,4433,313,0.31,278,12-19-2023,Concord
Denim Jacket,Coats and jackets,182.66,4.4,1674,861,0.49,930,8-28-2023,Austin
Denim Jacket,Coats and jackets,372.25,1.4,4578,935,0,1070,11-24-2023,Bakersfield
Denim Jacket,Coats and jackets,121.32,4.3,854,639,0.32,515,8-14-2023,Philadelphia
Road Bike,Bicycles,186.59,1.3,1336,628,0.2,1677,05-04-2024,Columbia
Mountain Bike,Bicycles,396.34,3.7,2257,114,0.45,1274,11-06-2023,Omaha
Hybrid Bike,Bicycles,92.85,2.6,2597,141,0.43,839,12-05-2023,New Orleans
Hybrid Bike,Bicycles,212.25,4.2,595,880,0.02,855,9-16-2023,Detroit
Road Bike,Bicycles,483.46,1.5,4088,82,0.49,898,09-11-2023,Harrisburg
Mountain Bike,Bicycles,421.34,4.9,3789,62,0.28,1659,02-12-2024,El Paso
Electric Bike,Bicycles,321.19,2.8,1143,933,0.06,675,8-31-2023,Sacramento
Mountain Bike,Bicycles,16.08,2.9,4916,738,0.11,333,11-03-2023,Charlotte
Mountain Bike,Bicycles,33.59,4.6,4008,631,0.09,694,5-27-2024,Allentown
Mountain Bike,Bicycles,420.69,2.1,2315,34,0.13,493,4-23-2024,Bonita Springs
Mountain Bike,Bicycles,265.51,1.3,1299,868,0.3,1952,11-24-2023,Oklahoma City
Mountain Bike,Bicycles,26,4.5,4577,727,0.48,1031,8-16-2023,Palm Bay
Hybrid Bike,Bicycles,220.91,2.3,3659,173,0.39,1896,1-17-2024,Oakland
Road Bike,Bicycles,90.76,1.7,1573,787,0.39,178,02-01-2024,Riverside
Hybrid Bike,Bicycles,261.06,1.4,578,853,0.13,1185,07-01-2023,Colorado Springs
Hybrid Bike,Bicycles,492.08,2.1,4005,261,0.45,1745,04-12-2024,Rochester
Electric Bike,Bicycles,306,4.6,3451,361,0.49,92,2-24-2024,San Francisco
Mountain Bike,Bicycles,315.03,2.9,1455,748,0.24,1712,1-23-2024,Richmond
Mountain Bike,Bicycles,12.7,1,1213,135,0.02,891,6-25-2023,Albuquerque
Road Bike,Bicycles,236.8,2.8,703,317,0.2,1845,10-23-2023,Harrisburg
Mountain Bike,Bicycles,410.17,2.1,855,788,0.17,1958,12-12-2023,San Francisco
Mountain Bike,Bicycles,24.54,3.7,1517,658,0.23,126,4-27-2024,Miami
Mountain Bike,Bicycles,203.34,2.7,3403,583,0.45,1132,9-18-2023,New Haven
Mountain Bike,Bicycles,161.59,4.3,987,249,0.36,1176,07-01-2023,Baltimore
Road Bike,Bicycles,35.06,2,726,688,0.3,849,1-18-2024,Richmond
Road Bike,Bicycles,335.99,4.2,419,593,0.05,1774,3-20-2024,Reno
Mountain Bike,Bicycles,44.79,1.3,2702,40,0.47,958,09-01-2023,Colorado Springs
Mountain Bike,Bicycles,326.76,4.6,1996,265,0.25,562,2-15-2024,Palm Bay
Mountain Bike,Bicycles,310.16,4.5,3155,453,0.06,1537,03-11-2024,Oklahoma City
Road Bike,Bicycles,416.22,5,4008,267,0.15,1856,08-06-2023,Austin
Mountain Bike,Bicycles,205.69,4.6,4669,48,0.11,920,09-07-2023,New Orleans
Electric Bike,Bicycles,329.62,4.4,1130,657,0.2,1452,3-31-2024,New Orleans
Mountain Bike,Bicycles,432.25,3.4,3435,865,0.19,194,01-08-2024,Jacksonville
Electric Bike,Bicycles,459.15,2.7,359,74,0.29,1848,2-15-2024,Richmond
Electric Bike,Bicycles,202.56,3.1,3361,439,0.08,6,11-29-2023,Las Vegas
Mountain Bike,Bicycles,446.15,2.4,3219,786,0.01,1467,02-07-2024,Brooklyn
Hybrid Bike,Bicycles,162.5,3.7,929,687,0.11,1227,7-27-2023,Boise
Hybrid Bike,Bicycles,347.25,1.6,1399,343,0.25,74,4-28-2024,Birmingham
Electric Bike,Bicycles,58.66,1.8,4458,447,0.21,1586,08-11-2023,Memphis
Road Bike,Bicycles,380.54,2.8,4637,937,0.45,124,05-06-2024,Cincinnati
Sketchbook,Art and crafting materials,193.65,2.9,785,200,0.49,76,4-14-2024,El Paso
Brushes,Art and crafting materials,84.28,1.1,3807,277,0.27,1188,08-12-2023,Baton Rouge
Paint Set,Art and crafting materials,275.44,4,2390,946,0.18,1377,2-24-2024,Baltimore
Brushes,Art and crafting materials,96.81,3,382,532,0.48,358,7-24-2023,Portland
Brushes,Art and crafting materials,90.97,3.3,1134,865,0.24,434,9-13-2023,Detroit
Brushes,Art and crafting materials,441.35,3.5,3735,761,0.23,998,07-07-2023,Las Vegas
Canvas,Art and crafting materials,29.34,2.9,2211,885,0.11,63,3-13-2024,Knoxville
Paint Set,Art and crafting materials,303.57,2.4,3630,139,0.02,1781,06-07-2024,Oklahoma City
Paint Set,Art and crafting materials,343.57,2.9,882,146,0.26,619,10-20-2023,Miami
Canvas,Art and crafting materials,433.14,3.4,1610,416,0.28,406,11-22-2023,Denver
Canvas,Art and crafting materials,251.24,3.3,3802,81,0.22,1710,10-17-2023,Queens
Canvas,Art and crafting materials,405.23,2.9,2558,328,0.03,940,07-11-2023,New Haven
Paint Set,Art and crafting materials,425.01,4.6,2490,836,0.26,1517,12-06-2023,Houston
Brushes,Art and crafting materials,369.67,4.1,4117,348,0.02,1858,4-19-2024,Virginia Beach
Sketchbook,Art and crafting materials,75.87,2.2,1999,203,0.4,1687,05-08-2024,Chicago
Canvas,Art and crafting materials,269,4.2,3234,18,0.1,793,2-20-2024,Staten Island
Canvas,Art and crafting materials,154.36,1.1,1088,291,0.42,0,05-06-2024,San Diego
Paint Set,Art and crafting materials,379.18,4.1,200,126,0.44,546,12-01-2023,Long Beach
Brushes,Art and crafting materials,53.42,3,413,990,0.03,1378,04-01-2024,Oakland
Brushes,Art and crafting materials,319.72,3.3,2015,289,0,82,02-10-2024,Toledo
Sketchbook,Art and crafting materials,156.79,1.3,2422,161,0.4,1679,6-20-2023,Charlotte
Canvas,Art and crafting materials,81.15,3.8,2158,926,0.12,294,11-10-2023,Albuquerque
Sketchbook,Art and crafting materials,84.64,2.1,3701,732,0.29,1830,7-27-2023,Kansas City
Paint Set,Art and crafting materials,323.83,4.9,1556,402,0.18,1336,09-05-2023,Cincinnati
Sketchbook,Art and crafting materials,102.04,3.9,1589,563,0.32,1905,5-29-2024,Bonita Springs
Sketchbook,Art and crafting materials,359.84,4.3,2307,204,0.46,775,5-31-2024,San Jose
Brushes,Art and crafting materials,87.73,4.5,4449,638,0.03,1739,4-24-2024,Cincinnati
Brushes,Art and crafting materials,60.35,1.8,1884,153,0.36,1749,8-23-2023,Phoenix
Paint Set,Art and crafting materials,40.72,4.4,2437,324,0.47,1855,01-07-2024,Grand Rapids
Canvas,Art and crafting materials,59.93,2.4,4232,922,0.43,1475,03-04-2024,Washington
Sketchbook,Art and crafting materials,447.02,2.7,2224,197,0.19,1995,12-16-2023,San Juan
Paint Set,Art and crafting materials,66.85,1.2,1948,928,0.47,1752,2-13-2024,Baton Rouge
Brushes,Art and crafting materials,12.14,1.7,3988,234,0.33,928,5-19-2024,Harrisburg
Canvas,Art and crafting materials,73.5,3.7,4888,605,0.13,1875,11-14-2023,Charlotte
Canvas,Art and crafting materials,499.74,1.4,2587,552,0.24,1519,1-18-2024,San Jose
Canvas,Art and crafting materials,190.67,2.5,891,454,0.38,209,10-27-2023,Grand Rapids
Paint Set,Art and crafting materials,213.74,3.9,4744,328,0.43,1845,03-04-2024,Raleigh
Paint Set,Art and crafting materials,379.47,1.1,3976,727,0.47,1827,09-12-2023,Virginia Beach
Brushes,Art and crafting materials,164.66,3.6,3220,539,0.36,1461,04-08-2024,Boise
Canvas,Art and crafting materials,51.82,1.2,1548,312,0.41,53,1-26-2024,Portland
Coffee Mug,Drinkware,141.12,4.3,4653,524,0.19,1815,9-28-2023,Staten Island
Water Bottle,Drinkware,357.6,4.8,674,920,0.37,613,5-26-2024,Bakersfield
Tea Cup,Drinkware,301.61,1,4266,408,0.48,1211,07-02-2023,Detroit
Water Bottle,Drinkware,383.53,2.8,2831,686,0.11,1627,12-09-2023,Mission Viejo
Tea Cup,Drinkware,71.52,1.1,2222,733,0.18,1444,1-30-2024,Allentown
Wine Glass,Drinkware,18.6,2.2,32,54,0.26,755,08-04-2023,Columbus
Water Bottle,Drinkware,289.62,3.3,4579,972,0.49,622,08-10-2023,Fresno
Coffee Mug,Drinkware,278.01,4.3,3030,728,0.15,1068,11-11-2023,Des Moines
Wine Glass,Drinkware,158.43,1.3,488,156,0.12,411,11-20-2023,Los Angeles
Wine Glass,Drinkware,39.26,3.7,515,601,0.5,630,1-31-2024,Kansas City
Tea Cup,Drinkware,495.75,3.2,3871,539,0.39,1552,4-14-2024,Concord
Water Bottle,Drinkware,105.96,1.6,25,24,0.39,1324,07-09-2023,Worcester
Wine Glass,Drinkware,491.01,3.1,3483,970,0.13,1072,12-20-2023,Concord
Tea Cup,Drinkware,175.3,3.9,1592,558,0.03,685,10-14-2023,Orlando
Water Bottle,Drinkware,82.18,1,2295,565,0.21,421,10-30-2023,Palm Bay
Wine Glass,Drinkware,183.59,4.8,2500,389,0.14,597,11-15-2023,Springfield
Water Bottle,Drinkware,277.82,2.7,1757,2,0.08,1116,06-04-2024,Boise
Tea Cup,Drinkware,449.86,3.7,3823,330,0.4,1546,6-27-2023,Phoenix
Tea Cup,Drinkware,332.97,1.4,4675,866,0.25,695,7-28-2023,Dayton
Wine Glass,Drinkware,490.76,3.3,356,600,0.46,310,6-20-2023,Minneapolis
Water Bottle,Drinkware,16.38,1.1,619,882,0.37,124,6-24-2023,Cleveland
Coffee Mug,Drinkware,480.47,3.1,929,246,0.2,361,06-04-2024,Des Moines
Water Bottle,Drinkware,361.98,2,4282,595,0.28,1877,03-11-2024,Bonita Springs
Water Bottle,Drinkware,305.5,4.3,3619,612,0.19,1179,10-01-2023,Seattle
Wine Glass,Drinkware,32.57,4.2,4967,321,0.26,943,3-13-2024,Sacramento
Water Bottle,Drinkware,220.06,1.1,3947,652,0,739,9-21-2023,Bridgeport
Water Bottle,Drinkware,204.94,4.7,2176,671,0.26,326,10-15-2023,Wichita
Wine Glass,Drinkware,202.3,4,3696,358,0.29,717,5-26-2024,Akron
Water Bottle,Drinkware,496.3,2.5,692,90,0.21,960,2-19-2024,San Juan
Coffee Mug,Drinkware,103.88,4.7,3699,854,0.25,1738,05-02-2024,Los Angeles
Coffee Mug,Drinkware,122.06,4.8,2401,748,0.11,1603,11-28-2023,Provo
Tea Cup,Drinkware,223.94,3.3,2635,281,0.42,1132,12-07-2023,Fresno
Wine Glass,Drinkware,448.11,4.8,4647,644,0.21,131,09-07-2023,Grand Rapids
Water Bottle,Drinkware,445.55,3.2,3180,220,0.13,1391,1-17-2024,San Jose
Tea Cup,Drinkware,428.96,1.8,3576,474,0.03,270,11-30-2023,Houston
Wine Glass,Drinkware,407.33,4.3,3607,535,0.33,1858,8-27-2023,New York
Coffee Mug,Drinkware,237.01,1.2,278,876,0.02,253,12-14-2023,Las Vegas
Water Bottle,Drinkware,270.69,3.4,699,565,0.18,1848,1-26-2024,Pittsburgh
Tea Cup,Drinkware,120.8,2.2,3388,211,0.12,1714,07-06-2023,Indianapolis
Wine Glass,Drinkware,103.65,2.2,4082,510,0.32,1192,07-05-2023,Albuquerque
Eau de Toilette,Perfume and cologne,158.44,2.3,1135,410,0.14,1208,4-26-2024,Buffalo
Eau de Toilette,Perfume and cologne,208.82,1.9,4308,309,0.3,752,9-14-2023,San Diego
Body Spray,Perfume and cologne,213.09,4,4538,161,0.39,520,1-25-2024,Las Vegas
Perfume Oil,Perfume and cologne,30.79,2.1,3907,559,0.15,152,02-10-2024,Washington
Eau de Parfum,Perfume and cologne,284.44,4.1,1752,562,0.18,488,3-16-2024,Minneapolis
Eau de Toilette,Perfume and cologne,351.63,3.9,1914,197,0.46,406,12-28-2023,Las Vegas
Eau de Parfum,Perfume and cologne,432.23,2.1,4858,680,0.1,1164,04-03-2024,Toledo
Eau de Toilette,Perfume and cologne,335.92,1.6,3408,574,0.38,1903,12-20-2023,Cleveland
Eau de Parfum,Perfume and cologne,474.07,3,1497,782,0.25,863,02-05-2024,Birmingham
Perfume Oil,Perfume and cologne,198.33,1.1,1907,418,0.01,825,8-28-2023,Baltimore
Eau de Toilette,Perfume and cologne,423.21,1.4,3386,924,0.41,888,12-27-2023,Birmingham
Body Spray,Perfume and cologne,220.5,2.2,3407,389,0.06,1263,7-28-2023,Denver
Eau de Toilette,Perfume and cologne,280.83,2.6,4986,554,0.43,1683,03-09-2024,Harrisburg
Perfume Oil,Perfume and cologne,316.26,2.3,3093,882,0.25,839,06-05-2024,Albany
Eau de Toilette,Perfume and cologne,316.19,3.3,3062,594,0.31,499,7-20-2023,Charleston
Perfume Oil,Perfume and cologne,101.59,1.1,2378,900,0.18,1424,03-07-2024,Minneapolis
Eau de Parfum,Perfume and cologne,369.02,2.6,887,58,0.18,49,5-24-2024,Wichita
Eau de Toilette,Perfume and cologne,172.9,1.2,2606,678,0.47,1164,3-20-2024,Harrisburg
Eau de Toilette,Perfume and cologne,369.41,1.5,3474,127,0.38,759,5-14-2024,Detroit
Perfume Oil,Perfume and cologne,145.4,2.7,4664,391,0.03,1692,11-23-2023,New Orleans
Eau de Parfum,Perfume and cologne,60.53,3.2,1341,680,0.37,1497,11-06-2023,Little Rock
Eau de Parfum,Perfume and cologne,204.83,2.1,4873,97,0.24,207,06-10-2024,Austin
Perfume Oil,Perfume and cologne,279.31,3.8,153,938,0.3,218,01-07-2024,Raleigh
Body Spray,Perfume and cologne,476.2,2.2,2195,107,0.23,1506,7-26-2023,Denton
Eau de Toilette,Perfume and cologne,324.4,3.8,1742,282,0.34,480,6-26-2023,Tulsa
Perfume Oil,Perfume and cologne,295.94,3.1,2555,257,0.43,1088,3-21-2024,San Jose
Eau de Toilette,Perfume and cologne,230.05,3.4,4757,946,0.44,890,10-08-2023,Phoenix
Eau de Toilette,Perfume and cologne,316.35,2.5,283,448,0.01,1091,06-05-2024,Mesa
Eau de Parfum,Perfume and cologne,275.58,4.8,3491,72,0.42,617,8-29-2023,St. Louis
Eau de Toilette,Perfume and cologne,488.73,1.4,369,794,0.22,1442,10-12-2023,San Diego
Body Spray,Perfume and cologne,51.31,4.2,4462,270,0.41,378,3-31-2024,New York
Body Spray,Perfume and cologne,14.44,3.4,3856,42,0.32,169,11-13-2023,Des Moines
Eau de Parfum,Perfume and cologne,54.78,1.8,150,110,0.37,1070,04-10-2024,Knoxville
Eau de Parfum,Perfume and cologne,115.06,2.1,4897,295,0.18,945,7-30-2023,Virginia Beach
Eau de Toilette,Perfume and cologne,302.58,3.4,1629,303,0.17,1361,05-05-2024,Dayton
Body Spray,Perfume and cologne,413.26,4.7,3757,386,0.31,832,3-13-2024,Grand Rapids
Eau de Toilette,Perfume and cologne,152.83,4.1,2556,389,0.4,294,09-02-2023,Seattle
Eau de Parfum,Perfume and cologne,448.72,3.7,4663,186,0.23,444,4-15-2024,Bronx
Body Spray,Perfume and cologne,322.6,4.3,679,419,0.27,1642,05-06-2024,Memphis
Body Spray,Perfume and cologne,41.36,4.3,2559,138,0.3,1228,9-26-2023,Charlotte
White Wine,Wine,256.29,1.2,4917,87,0.46,1230,02-04-2024,Cape Coral
Rose Wine,Wine,359.35,1,120,384,0.46,1364,1-31-2024,Columbia
Red Wine,Wine,100.97,3.7,2668,302,0.34,802,04-04-2024,Louisville
Red Wine,Wine,161.81,2,2359,745,0.27,276,04-12-2024,Minneapolis
Rose Wine,Wine,47.55,4.5,2591,566,0.48,1571,2-23-2024,Charleston
White Wine,Wine,193.02,2.1,2895,96,0.16,828,1-27-2024,Charleston
White Wine,Wine,281.15,3,661,424,0.43,1449,3-17-2024,Queens
Red Wine,Wine,178.94,2.8,2942,725,0.15,1262,12-30-2023,Reno
Rose Wine,Wine,97.83,3.8,4590,623,0.06,1424,10-09-2023,Columbia
Sparkling Wine,Wine,432.86,3.1,3089,605,0.08,288,11-16-2023,Omaha
White Wine,Wine,91.22,4.6,4729,649,0.32,114,01-02-2024,Little Rock
Red Wine,Wine,113.83,2.2,2294,558,0.2,146,2-15-2024,Kansas City
Rose Wine,Wine,377.2,3.3,2410,508,0.21,1312,5-24-2024,Tucson
Rose Wine,Wine,351.25,3.8,448,924,0.25,1522,1-23-2024,Portland
White Wine,Wine,291.95,1.1,238,204,0.35,244,7-28-2023,Denton
Red Wine,Wine,175.23,1.6,4166,268,0.2,304,06-05-2024,Provo
White Wine,Wine,258.82,2.7,1776,573,0.4,1560,10-05-2023,Concord
Red Wine,Wine,209.98,4.5,2463,793,0.13,24,08-07-2023,Colorado Springs
Sparkling Wine,Wine,351.66,4,504,597,0.42,498,6-14-2023,Spokane
Rose Wine,Wine,149.9,3.1,3484,338,0.41,1960,9-15-2023,Bonita Springs
Rose Wine,Wine,16.55,2.6,2104,231,0.01,383,4-25-2024,Pittsburgh
White Wine,Wine,42.82,4.5,2763,750,0.27,291,7-13-2023,Little Rock
Sparkling Wine,Wine,277.34,4.9,4177,833,0.26,334,5-23-2024,Milwaukee
Sparkling Wine,Wine,471.85,1.2,2370,850,0.04,205,7-28-2023,Rochester
Sparkling Wine,Wine,43.67,2.5,2890,121,0.17,95,07-01-2023,Tucson
White Wine,Wine,116.66,3.6,670,123,0.05,1527,11-18-2023,Pittsburgh
Sparkling Wine,Wine,42.57,4.1,249,313,0.39,1452,7-30-2023,Chicago
Rose Wine,Wine,341.96,4,3426,484,0.1,43,5-14-2024,Sacramento
Rose Wine,Wine,93.24,1.8,219,901,0.37,400,11-10-2023,Bonita Springs
Rose Wine,Wine,302.61,3.6,803,489,0.29,1493,04-11-2024,Charleston
White Wine,Wine,160.38,2.7,53,527,0.1,1082,08-04-2023,Oklahoma City
Sparkling Wine,Wine,303.89,4.4,2781,715,0.36,394,11-18-2023,Port St. Lucie
Sparkling Wine,Wine,47.72,3.8,370,857,0.23,1341,11-01-2023,Bakersfield
Red Wine,Wine,143.25,3.8,4334,194,0.47,1245,04-12-2024,Bronx
Red Wine,Wine,269.07,4.3,3988,377,0.14,922,6-22-2023,Ogden
Rose Wine,Wine,139.67,3.6,974,206,0.39,1814,7-22-2023,Oklahoma City
Sparkling Wine,Wine,53.31,3.8,203,160,0.22,768,12-30-2023,Cincinnati
Rose Wine,Wine,139.36,2.7,607,674,0.41,827,2-13-2024,Concord
White Wine,Wine,336.76,2.3,2103,365,0.44,1767,10-01-2023,Omaha
Red Wine,Wine,223.85,3.7,2378,992,0.29,1791,05-05-2024,Detroit
Knee-High Socks,Socks,415.06,4.6,956,798,0.4,572,07-01-2023,Oakland
Ankle Socks,Socks,289.87,2.2,2828,880,0.48,458,12-08-2023,Tulsa
Wool Socks,Socks,394.03,3.3,4603,303,0.16,597,12-29-2023,Salt Lake City
Ankle Socks,Socks,384.53,3.5,991,355,0.02,206,9-30-2023,Jacksonville
Ankle Socks,Socks,12.62,4.8,4804,852,0.2,338,5-18-2024,Fresno
Knee-High Socks,Socks,495.43,4,2730,449,0.35,938,01-11-2024,Mesa
Knee-High Socks,Socks,289.05,4.5,650,621,0.19,539,11-28-2023,Buffalo
Ankle Socks,Socks,113.7,5,2827,561,0.32,1136,12-25-2023,Pittsburgh
Knee-High Socks,Socks,470.57,3,4383,906,0.42,1178,4-18-2024,Colorado Springs
Cotton Socks,Socks,192.83,4.8,2324,939,0.25,1448,4-14-2024,New Haven
Ankle Socks,Socks,487.38,1.3,917,850,0.37,838,9-26-2023,Reno
Wool Socks,Socks,97.88,3.8,1749,753,0.33,92,1-22-2024,Las Vegas
Cotton Socks,Socks,19.38,4.1,374,58,0.35,779,8-21-2023,St. Louis
Cotton Socks,Socks,345.99,4.6,3255,89,0.2,972,7-26-2023,Spokane
Wool Socks,Socks,418.56,3.6,1610,967,0.05,1834,1-14-2024,Louisville
Knee-High Socks,Socks,25.55,2.7,4735,339,0.44,1167,7-30-2023,Indianapolis
Ankle Socks,Socks,113.5,4.5,1262,951,0.1,1204,11-10-2023,Boise
Knee-High Socks,Socks,443.45,1.5,4274,211,0.11,464,10-17-2023,Rochester
Ankle Socks,Socks,486.96,2.9,2654,884,0.03,275,10-25-2023,New Haven
Wool Socks,Socks,487.92,4.3,3135,809,0.47,1938,06-01-2024,Atlanta
Cotton Socks,Socks,44.81,1.8,762,275,0.03,727,4-21-2024,Spokane
Ankle Socks,Socks,82.17,4.9,2040,807,0.06,235,4-17-2024,Minneapolis
Ankle Socks,Socks,401.16,2.3,903,92,0.12,1083,1-26-2024,Charleston
Ankle Socks,Socks,189.14,2.4,1036,991,0.49,1817,3-18-2024,San Jose
Knee-High Socks,Socks,81.99,2.4,2430,855,0.08,1494,09-08-2023,Allentown
Cotton Socks,Socks,416.36,3.8,3373,95,0.08,191,9-20-2023,Worcester
Knee-High Socks,Socks,158.78,2.2,3183,827,0.24,1168,04-08-2024,El Paso
Ankle Socks,Socks,492.27,2.6,2153,180,0.21,776,09-08-2023,Mesa
Wool Socks,Socks,180.06,3.2,2153,270,0.02,1526,12-28-2023,Mission Viejo
Wool Socks,Socks,494.83,4.6,3802,980,0.24,1743,11-24-2023,Madison
Ankle Socks,Socks,284.19,3.7,226,47,0.2,1462,8-22-2023,Cleveland
Knee-High Socks,Socks,213.91,3.1,2535,908,0.44,1252,3-27-2024,Memphis
Wool Socks,Socks,261.32,4.5,4405,131,0.49,1095,09-05-2023,Tampa
Wool Socks,Socks,334.22,1.6,1445,119,0.09,1757,02-02-2024,Buffalo
Wool Socks,Socks,209.21,4.6,2294,71,0.19,5,11-19-2023,Omaha
Knee-High Socks,Socks,400.89,2.5,698,75,0.28,1822,6-29-2023,Queens
Ankle Socks,Socks,175.45,5,2334,765,0.26,1619,5-30-2024,Tucson
Wool Socks,Socks,436.63,4.2,275,499,0.38,1973,9-13-2023,Mission Viejo
Knee-High Socks,Socks,248.2,4.7,4204,278,0.15,1799,08-02-2023,Atlanta
Cotton Socks,Socks,395.05,3.4,1520,155,0.38,1295,06-10-2024,Worcester
Silk Sheets,Bedsheets,220.69,3.4,870,12,0.38,1756,10-18-2023,Buffalo
Silk Sheets,Bedsheets,243.09,3.7,1647,566,0.32,1490,2-17-2024,Omaha
Linen Sheets,Bedsheets,456.2,3,4660,470,0.31,925,08-04-2023,Los Angeles
Bamboo Sheets,Bedsheets,464.91,5,1067,738,0.38,1743,9-21-2023,Oklahoma City
Bamboo Sheets,Bedsheets,34.31,3.9,2951,71,0.46,1291,7-27-2023,San Antonio
Linen Sheets,Bedsheets,402.71,2.6,4234,614,0.06,272,11-04-2023,Cincinnati
Cotton Sheets,Bedsheets,287.23,4.7,4485,341,0.03,1956,12-03-2023,Cleveland
Linen Sheets,Bedsheets,267.12,4.1,4322,370,0.17,816,1-15-2024,Bronx
Linen Sheets,Bedsheets,153.95,1.2,870,667,0.3,1029,1-17-2024,Madison
Bamboo Sheets,Bedsheets,165.6,4.4,3190,292,0.44,1603,11-11-2023,Bonita Springs
Silk Sheets,Bedsheets,457.34,2.4,307,569,0.36,1128,10-28-2023,Tampa
Linen Sheets,Bedsheets,223.47,4.2,1378,749,0.04,795,11-15-2023,Long Beach
Bamboo Sheets,Bedsheets,418.94,4.7,4567,719,0.23,1957,1-27-2024,New York
Linen Sheets,Bedsheets,89.77,3.4,1398,653,0.22,1534,8-27-2023,Cape Coral
Linen Sheets,Bedsheets,130.86,2.9,3049,72,0.38,1983,6-18-2023,Baltimore
Silk Sheets,Bedsheets,96.82,2.2,1977,282,0.03,270,01-01-2024,Austin
Bamboo Sheets,Bedsheets,433.83,2,2398,433,0.45,1494,02-01-2024,Cape Coral
Linen Sheets,Bedsheets,156.44,1.4,1269,600,0.36,1922,1-15-2024,Orlando
Cotton Sheets,Bedsheets,432.94,4.3,2044,480,0.06,1788,1-21-2024,Spokane
Silk Sheets,Bedsheets,156.97,3.4,1325,24,0.08,888,04-03-2024,Milwaukee
Cotton Sheets,Bedsheets,32.17,1.9,470,963,0.29,660,10-29-2023,Toledo
Silk Sheets,Bedsheets,266.34,3.8,3623,241,0.28,1203,11-25-2023,Brooklyn
Linen Sheets,Bedsheets,134.43,4.1,3308,692,0.23,55,10-19-2023,Hartford
Silk Sheets,Bedsheets,115.2,1.3,2799,513,0.37,1723,08-10-2023,Chicago
Silk Sheets,Bedsheets,433.1,1.9,4006,601,0.39,1991,11-05-2023,Nashville
Silk Sheets,Bedsheets,398.85,1.1,1719,494,0.07,542,4-21-2024,Indianapolis
Cotton Sheets,Bedsheets,349.09,2.8,4647,612,0.31,1856,10-07-2023,Austin
Linen Sheets,Bedsheets,347.49,4.6,1232,21,0.24,1231,06-04-2024,Grand Rapids
Silk Sheets,Bedsheets,404.8,2.3,2649,652,0.04,848,3-26-2024,Port St. Lucie
Cotton Sheets,Bedsheets,422.05,1.9,1262,71,0.4,1845,09-03-2023,Baton Rouge
Cotton Sheets,Bedsheets,234.97,2.2,2722,59,0.06,981,4-15-2024,McAllen
Cotton Sheets,Bedsheets,216.17,3.4,3076,985,0.2,709,4-14-2024,Austin
Bamboo Sheets,Bedsheets,313.43,2.3,4621,461,0.03,383,4-29-2024,Minneapolis
Linen Sheets,Bedsheets,261.03,4.1,1003,418,0.04,1938,03-04-2024,Boston
Linen Sheets,Bedsheets,207.57,4.3,1895,919,0.31,144,7-21-2023,Dallas
Linen Sheets,Bedsheets,481.51,2.8,3212,965,0.34,397,10-17-2023,Madison
Silk Sheets,Bedsheets,99.07,1.6,4827,911,0.02,428,07-02-2023,Columbia
Bamboo Sheets,Bedsheets,263.96,3.8,4866,757,0.16,1806,12-24-2023,New Orleans
Linen Sheets,Bedsheets,479.48,1.9,3847,582,0.47,370,03-01-2024,Wichita
Silk Sheets,Bedsheets,165.13,2.1,2845,457,0.16,881,11-28-2023,Colorado Springs
Framed Poster,Posters and artwork,219.94,3.9,4266,381,0.07,452,6-28-2023,Kansas City
Canvas Print,Posters and artwork,472.16,1.9,3075,92,0.46,287,2-27-2024,Orlando
Canvas Print,Posters and artwork,132.26,3.2,4552,740,0.45,1029,2-21-2024,Albany
Art Print,Posters and artwork,29.24,2.1,3722,810,0.49,1411,07-11-2023,Oakland
Framed Poster,Posters and artwork,113.33,4.4,2501,290,0.47,149,10-09-2023,Concord
Digital Art,Posters and artwork,232.66,4.1,2123,598,0.23,1553,2-20-2024,Allentown
Digital Art,Posters and artwork,469.88,1.7,1106,124,0.11,1070,9-30-2023,Bronx
Digital Art,Posters and artwork,214.42,1.6,2415,494,0.38,717,08-03-2023,Virginia Beach
Canvas Print,Posters and artwork,59.12,1.1,1357,354,0.3,1761,9-20-2023,San Francisco
Digital Art,Posters and artwork,125.15,4.3,4780,902,0.07,1471,04-09-2024,Port St. Lucie
Canvas Print,Posters and artwork,463.97,2.7,3066,330,0.21,1778,5-25-2024,Jacksonville
Digital Art,Posters and artwork,24.04,3.3,4586,430,0.12,297,3-28-2024,Jacksonville
Art Print,Posters and artwork,204.87,4.9,4922,922,0.35,71,9-23-2023,Baton Rouge
Digital Art,Posters and artwork,193.61,3.2,4987,11,0.21,1578,5-26-2024,Baltimore
Digital Art,Posters and artwork,119.92,1.9,3028,519,0.47,719,8-25-2023,Palm Bay
Art Print,Posters and artwork,34.77,3.5,925,662,0.11,969,04-02-2024,New Haven
Framed Poster,Posters and artwork,436.61,4,4290,910,0.2,1965,09-11-2023,Provo
Framed Poster,Posters and artwork,290.28,4.2,2074,310,0.08,1683,09-05-2023,Palm Bay
Canvas Print,Posters and artwork,179.81,2.6,4319,783,0.09,949,6-22-2023,Washington
Canvas Print,Posters and artwork,202.04,3.8,3498,829,0.49,1891,5-21-2024,Denton
Art Print,Posters and artwork,448.89,2.2,3406,440,0.07,1311,4-23-2024,Dallas
Canvas Print,Posters and artwork,32.19,3.6,3748,277,0.34,988,8-17-2023,Charleston
Canvas Print,Posters and artwork,24.71,2.8,2182,579,0.49,477,01-05-2024,San Jose
Art Print,Posters and artwork,383.22,3,2462,338,0.49,287,7-26-2023,Concord
Digital Art,Posters and artwork,211.48,2.7,2363,983,0.28,143,5-27-2024,Fort Worth
Canvas Print,Posters and artwork,21.53,2.7,2176,906,0.28,3,7-21-2023,Houston
Canvas Print,Posters and artwork,266.56,2,3792,224,0.25,991,7-27-2023,New York
Digital Art,Posters and artwork,113.06,4.1,1131,530,0.06,1319,08-11-2023,Akron
Digital Art,Posters and artwork,482.27,1.5,194,489,0.44,181,08-12-2023,Grand Rapids
Art Print,Posters and artwork,12.65,1,3867,792,0.01,777,8-19-2023,Sacramento
Art Print,Posters and artwork,168.67,3.6,1397,553,0.13,1269,11-17-2023,Detroit
Framed Poster,Posters and artwork,306.94,4.4,2410,282,0.37,161,01-04-2024,Portland
Canvas Print,Posters and artwork,301.13,2.6,4683,857,0.01,1887,10-30-2023,Queens
Art Print,Posters and artwork,23.65,3.5,4416,434,0.27,1431,01-05-2024,Pittsburgh
Framed Poster,Posters and artwork,483,1.2,2660,155,0.08,870,09-06-2023,New Orleans
Framed Poster,Posters and artwork,44,1.4,1751,909,0.4,313,7-16-2023,Rochester
Canvas Print,Posters and artwork,80.21,3.9,2686,847,0.5,439,11-08-2023,Atlanta
Art Print,Posters and artwork,341.42,3.7,194,662,0,122,12-08-2023,San Juan
Framed Poster,Posters and artwork,334.3,3.5,3814,990,0.02,395,07-11-2023,San Jose
Framed Poster,Posters and artwork,420.26,1.5,3629,799,0.41,1424,12-26-2023,Mesa
Soy Candle,Candles,460.01,3.6,2156,794,0.2,615,9-30-2023,Washington
Beeswax Candle,Candles,156.4,4.6,1268,286,0.16,475,3-21-2024,Bonita Springs
Soy Candle,Candles,16.32,3.2,935,908,0.48,290,1-31-2024,Bonita Springs
Scented Candle,Candles,281.02,4.2,3861,961,0.3,507,11-06-2023,Albuquerque
Scented Candle,Candles,201.05,2.9,4703,586,0.41,565,07-04-2023,Minneapolis
Beeswax Candle,Candles,270.62,4.5,3603,557,0.23,1918,4-15-2024,San Jose
Scented Candle,Candles,159.81,2.6,3996,851,0.34,28,2-21-2024,Baton Rouge
Beeswax Candle,Candles,188.69,4,2756,474,0.06,211,2-24-2024,Reno
Pillar Candle,Candles,379.2,4.5,4085,786,0.37,684,12-24-2023,Mission Viejo
Scented Candle,Candles,340.11,4.1,1499,51,0.25,876,07-06-2023,Worcester
Beeswax Candle,Candles,106.16,1.5,857,751,0.14,1942,8-18-2023,Indianapolis
Scented Candle,Candles,275.27,1.3,4306,751,0.05,779,11-18-2023,Birmingham
Beeswax Candle,Candles,42.68,1.2,4506,522,0.02,426,09-11-2023,Seattle
Pillar Candle,Candles,205.59,3.4,1243,576,0.49,327,4-21-2024,St. Louis
Soy Candle,Candles,447.88,1.3,3388,323,0.09,1689,6-20-2023,Wichita
Soy Candle,Candles,175.28,4.8,4141,820,0.16,1912,9-17-2023,Pittsburgh
Scented Candle,Candles,418.27,2.2,2163,629,0.31,1503,08-12-2023,Mission Viejo
Beeswax Candle,Candles,232.55,2.6,2476,790,0.16,746,08-04-2023,Bakersfield
Soy Candle,Candles,409.73,2.9,2829,333,0.03,347,9-13-2023,Baton Rouge
Beeswax Candle,Candles,231.35,2.4,3164,684,0.06,1240,6-20-2023,Omaha
Soy Candle,Candles,310.85,3.5,243,505,0.03,1110,11-08-2023,Manhattan
Soy Candle,Candles,367.94,1.5,1192,329,0.24,390,08-11-2023,Tampa
Soy Candle,Candles,435.4,2.2,1211,929,0.02,643,11-07-2023,Manhattan
Pillar Candle,Candles,280.66,3.4,4552,188,0.29,1788,8-25-2023,Houston
Soy Candle,Candles,269.69,3.7,1869,376,0.2,507,5-27-2024,Bridgeport
Beeswax Candle,Candles,84.21,2.7,4516,528,0.26,941,05-04-2024,San Francisco
Scented Candle,Candles,415.93,1.3,2155,267,0.41,1553,3-14-2024,Jacksonville
Scented Candle,Candles,105.65,3.7,2430,441,0.49,1113,10-19-2023,New Haven
Soy Candle,Candles,363.81,1.2,2645,18,0.26,606,10-02-2023,Houston
Scented Candle,Candles,15.14,4.6,1547,629,0.31,1446,10-10-2023,Miami
Scented Candle,Candles,16.32,1.9,746,701,0.18,769,12-15-2023,Fresno
Beeswax Candle,Candles,196.67,1.2,2306,134,0.45,1771,12-09-2023,Spokane
Scented Candle,Candles,419.33,1.8,4675,890,0.29,880,03-06-2024,Madison
Scented Candle,Candles,43.37,1.9,4478,133,0.23,502,12-10-2023,Grand Rapids
Scented Candle,Candles,212.93,4.8,3981,678,0.3,219,12-16-2023,Kansas City
Beeswax Candle,Candles,244.38,1.1,3733,415,0.41,196,05-01-2024,Baton Rouge
Scented Candle,Candles,266.47,1.9,3878,889,0.04,924,02-10-2024,Tampa
Beeswax Candle,Candles,80.05,4,28,974,0.3,1419,2-22-2024,San Antonio
Soy Candle,Candles,260.74,2.9,903,519,0.42,339,12-20-2023,Palm Bay
Pillar Candle,Candles,13.59,1.1,3087,332,0.5,8,08-01-2023,Allentown
Body Lotion,Bath and body,480.3,1.2,2062,838,0.02,1448,09-08-2023,San Antonio
Body Scrub,Bath and body,267.2,2.8,2313,490,0.29,1735,08-11-2023,Bakersfield
Body Scrub,Bath and body,492.18,4.2,1517,367,0.34,419,09-07-2023,Boise
Bath Salts,Bath and body,348.46,3.9,3096,529,0.46,1578,7-14-2023,Philadelphia
Body Scrub,Bath and body,47.61,1,2226,55,0.21,110,1-27-2024,Richmond
Body Scrub,Bath and body,329.96,3.3,813,248,0.05,322,06-06-2024,New Orleans
Body Scrub,Bath and body,481.95,1.5,2476,268,0.08,147,2-15-2024,New York
Body Lotion,Bath and body,400.78,3.7,2038,812,0.24,1854,3-28-2024,Phoenix
Bath Salts,Bath and body,224.16,3.5,3510,714,0.42,998,08-08-2023,Chicago
Body Lotion,Bath and body,438.41,4.3,1451,727,0.2,562,11-11-2023,Boston
Bath Salts,Bath and body,18.17,1.8,4534,731,0.21,698,8-28-2023,Mesa
Bath Salts,Bath and body,265.72,1.3,3197,176,0.48,1634,03-06-2024,Kansas City
Bath Salts,Bath and body,213.75,3.2,3916,637,0.26,309,1-14-2024,Cape Coral
Body Scrub,Bath and body,320.07,4.1,684,557,0.01,1462,11-11-2023,Manhattan
Shower Gel,Bath and body,222.69,1.5,3560,64,0.18,626,04-09-2024,Riverside
Bath Salts,Bath and body,247.06,2.7,1181,588,0.3,1878,10-31-2023,Bridgeport
Shower Gel,Bath and body,241.15,3.2,4908,939,0.11,1906,8-14-2023,Boise
Body Scrub,Bath and body,134.72,2.9,2387,346,0.13,648,10-11-2023,Buffalo
Shower Gel,Bath and body,212.08,1.8,4391,111,0.07,1200,07-05-2023,Port St. Lucie
Body Scrub,Bath and body,138.05,2.7,3472,27,0.26,1560,4-15-2024,Oakland
Body Lotion,Bath and body,213.6,4.6,2597,901,0.01,1677,7-26-2023,Knoxville
Body Scrub,Bath and body,73.01,3.3,1248,663,0.02,1983,10-15-2023,Bronx
Body Scrub,Bath and body,209.61,3.1,2749,0,0.1,428,02-07-2024,New Orleans
Bath Salts,Bath and body,298.17,2.3,220,914,0.4,1048,5-27-2024,Akron
Body Lotion,Bath and body,457.39,3.3,3986,480,0.13,1771,6-18-2023,Allentown
Bath Salts,Bath and body,198.52,2.7,44,645,0.29,1093,6-26-2023,Baltimore
Shower Gel,Bath and body,49.97,1.4,1001,9,0.26,755,09-12-2023,Provo
Body Scrub,Bath and body,17.16,2.4,478,14,0.19,1191,06-03-2024,Las Vegas
Shower Gel,Bath and body,401.34,4.7,271,142,0.08,1843,04-04-2024,Austin
Bath Salts,Bath and body,334.66,4.2,622,769,0.41,771,2-24-2024,Little Rock
Body Lotion,Bath and body,112.12,1.5,66,495,0.16,767,06-03-2024,Allentown
Body Lotion,Bath and body,135.53,1.9,3580,297,0.43,375,1-23-2024,Milwaukee
Body Scrub,Bath and body,184.72,4.6,72,307,0.26,1781,08-05-2023,Omaha
Body Scrub,Bath and body,112.75,4.9,1174,668,0.15,178,11-28-2023,Ogden
Bath Salts,Bath and body,84.17,1.6,787,747,0.03,492,02-03-2024,Miami
Shower Gel,Bath and body,367.36,3.3,1129,374,0.25,697,03-05-2024,Allentown
Body Lotion,Bath and body,111.22,2.3,324,978,0.2,955,7-30-2023,Des Moines
Body Scrub,Bath and body,407.92,4.3,3086,216,0.16,1570,12-12-2023,Houston
Body Lotion,Bath and body,99.58,4.8,2352,984,0.45,1013,10-24-2023,Akron
Bath Salts,Bath and body,131.78,2.3,1577,272,0.15,972,06-05-2024,Philadelphia
Dutch Oven,Cookware,394.69,2.1,4613,919,0.05,133,09-01-2023,San Jose
Frying Pan,Cookware,172.49,3,2378,537,0.12,893,09-02-2023,Bronx
Dutch Oven,Cookware,96.79,1,687,20,0.34,1894,11-03-2023,Queens
Dutch Oven,Cookware,407.85,4.8,3797,58,0.4,1644,01-07-2024,Palm Bay
Dutch Oven,Cookware,50.16,3.6,3106,378,0.32,236,2-29-2024,Tulsa
Dutch Oven,Cookware,361.56,2.9,966,171,0.1,1146,7-17-2023,Palm Bay
Frying Pan,Cookware,278.97,1.8,2212,698,0.3,1762,4-25-2024,Fort Worth
Grill Pan,Cookware,466.92,4.7,610,115,0.23,1391,10-03-2023,Salt Lake City
Saucepan,Cookware,187.86,4.5,3699,662,0.31,1525,11-19-2023,Reno
Frying Pan,Cookware,33.13,4.8,4657,803,0.12,1614,12-05-2023,Fresno
Dutch Oven,Cookware,433.11,1.5,351,700,0.07,1245,10-15-2023,Long Beach
Saucepan,Cookware,488.13,2.5,2381,888,0.09,1105,12-03-2023,Salt Lake City
Saucepan,Cookware,213.77,1.3,3639,93,0.21,596,10-11-2023,Houston
Frying Pan,Cookware,105.9,4.3,2681,127,0.21,1296,07-12-2023,New Haven
Frying Pan,Cookware,32.57,4.7,1505,861,0.3,998,7-23-2023,Atlanta
Saucepan,Cookware,461.14,2.4,3236,487,0.24,1449,12-10-2023,Knoxville
Frying Pan,Cookware,10.11,4.7,2721,438,0.38,250,03-07-2024,Dallas
Frying Pan,Cookware,364.16,1.9,512,215,0.15,124,3-22-2024,New Orleans
Dutch Oven,Cookware,193.66,3.5,2331,105,0.06,227,12-07-2023,Virginia Beach
Frying Pan,Cookware,62.93,1.9,2921,471,0.02,12,5-25-2024,Charlotte
Frying Pan,Cookware,177.21,2.8,294,188,0.25,1102,1-18-2024,Sacramento
Dutch Oven,Cookware,339.08,1.1,4961,825,0.02,70,10-08-2023,El Paso
Frying Pan,Cookware,493.58,4,4565,505,0.27,493,08-12-2023,Bronx
Grill Pan,Cookware,432.83,2.1,2521,845,0.43,1454,7-16-2023,Harrisburg
Frying Pan,Cookware,125.03,4.3,3199,531,0.41,1957,7-20-2023,Louisville
Saucepan,Cookware,476.18,1.5,1407,430,0.09,981,7-29-2023,Cape Coral
Saucepan,Cookware,152.77,2.7,3605,458,0.45,1436,05-01-2024,Salt Lake City
Frying Pan,Cookware,421.6,2.4,2449,758,0.5,1317,11-18-2023,Milwaukee
Frying Pan,Cookware,458.75,3.9,1910,914,0.16,1505,8-26-2023,Oklahoma City
Frying Pan,Cookware,103.16,4.3,3548,709,0.04,178,11-06-2023,Minneapolis
Saucepan,Cookware,431.23,1.7,60,53,0.01,847,04-08-2024,Philadelphia
Grill Pan,Cookware,468.05,4.6,3960,698,0.44,1963,12-14-2023,Queens
Dutch Oven,Cookware,256.82,4.5,1004,451,0.38,1039,7-21-2023,Staten Island
Grill Pan,Cookware,348.71,1.7,124,80,0.25,1861,1-14-2024,Tulsa
Grill Pan,Cookware,211.49,3.7,4846,500,0.2,210,4-28-2024,San Diego
Saucepan,Cookware,29.51,2.1,4486,846,0.48,793,03-07-2024,Providence
Dutch Oven,Cookware,352.8,4.4,4280,68,0.07,1590,03-07-2024,Little Rock
Grill Pan,Cookware,490.82,2.5,1357,924,0.17,78,04-06-2024,Mission Viejo
Dutch Oven,Cookware,320.3,2.8,2728,662,0.37,1337,05-11-2024,Bakersfield
Dutch Oven,Cookware,406.05,1.3,3644,269,0.34,517,03-01-2024,Riverside
Nail File,Nail care,82.77,3.4,3168,73,0.48,1705,08-10-2023,Salt Lake City
Nail Clippers,Nail care,467.15,3.3,3598,573,0.41,1744,7-28-2023,Salt Lake City
Nail File,Nail care,240.94,2.9,4734,291,0.26,12,9-15-2023,New Haven
Nail Polish,Nail care,345.1,1.1,2494,985,0.16,73,5-18-2024,Louisville
Nail Polish,Nail care,186.59,1.3,4136,428,0.27,365,2-13-2024,Memphis
Nail Polish,Nail care,53.98,4.6,3201,351,0.24,1341,1-27-2024,New Haven
Nail Clippers,Nail care,463.77,1.6,2415,93,0.1,1738,07-07-2023,El Paso
Nail Polish,Nail care,227.45,2.1,585,876,0.44,1577,11-13-2023,Provo
Nail Polish,Nail care,303.69,1.8,3085,432,0.06,131,07-10-2023,Dayton
Cuticle Oil,Nail care,371.58,3.4,3276,78,0.25,987,10-09-2023,Mission Viejo
Cuticle Oil,Nail care,52.68,2.9,1177,153,0.13,1456,07-10-2023,San Antonio
Nail Clippers,Nail care,249.63,2.4,2857,786,0.28,1952,3-28-2024,Jacksonville
Nail Polish,Nail care,162.97,3.9,4662,665,0.18,1331,6-22-2023,Virginia Beach
Nail Polish,Nail care,304.68,2.4,4503,188,0.37,1152,4-24-2024,Nashville
Nail Polish,Nail care,206.92,3.7,2489,199,0.37,859,1-30-2024,Allentown
Nail Clippers,Nail care,245.34,3.6,1357,810,0.06,1357,11-26-2023,Bonita Springs
Nail Polish,Nail care,376.82,2.9,3010,435,0.27,1945,06-10-2024,Allentown
Nail File,Nail care,404.75,2.2,4825,555,0.27,1613,11-09-2023,Springfield
Nail File,Nail care,228.9,1.5,1959,577,0.01,86,3-25-2024,Los Angeles
Nail Polish,Nail care,335.02,4.4,1299,698,0.47,1206,9-18-2023,Minneapolis
Nail Clippers,Nail care,387.18,4.9,2831,338,0.17,1532,10-18-2023,San Francisco
Nail File,Nail care,253.65,1.7,3089,523,0.42,1269,11-03-2023,Bakersfield
Nail Polish,Nail care,202.88,2.9,1797,83,0.43,618,6-21-2023,Reno
Nail Clippers,Nail care,184.49,3.7,142,191,0.41,580,5-20-2024,New Orleans
Nail Polish,Nail care,272.32,3.5,4500,839,0.16,1290,7-20-2023,Bronx
Nail File,Nail care,336.79,2.7,3597,502,0.36,1675,8-23-2023,Harrisburg
Nail Clippers,Nail care,55.43,3.1,4729,912,0.06,957,11-02-2023,Albuquerque
Cuticle Oil,Nail care,246.31,1.2,2985,396,0.35,1108,11-11-2023,Grand Rapids
Nail Polish,Nail care,485.21,3.9,641,11,0.38,865,9-24-2023,Tulsa
Nail Clippers,Nail care,170.91,2.9,2942,651,0.24,519,10-06-2023,Spokane
Cuticle Oil,Nail care,76.82,3.9,4564,211,0.13,803,6-16-2023,Tulsa
Nail Clippers,Nail care,258.28,4.4,853,660,0.07,477,12-28-2023,El Paso
Nail Clippers,Nail care,462.1,3,4505,421,0.42,1724,4-29-2024,Virginia Beach
Nail File,Nail care,174.8,4.7,377,389,0.28,241,8-23-2023,Salt Lake City
Nail Clippers,Nail care,169.06,3.7,69,852,0.14,38,8-28-2023,Queens
Cuticle Oil,Nail care,393.67,4,755,351,0.42,1321,09-03-2023,Houston
Nail File,Nail care,257.41,4.1,3865,24,0.06,737,4-16-2024,Philadelphia
Nail Clippers,Nail care,218.23,2.5,2623,454,0.22,1236,9-28-2023,Denver
Nail File,Nail care,59.28,2.6,595,802,0.43,1020,10-10-2023,Colorado Springs
Nail File,Nail care,172.89,2.3,3964,541,0.18,905,07-05-2023,Ogden
Thongs,Underwear,496.7,4.5,3235,160,0.3,1831,3-15-2024,Pittsburgh
Thongs,Underwear,425.61,3.7,4957,274,0.1,1274,08-07-2023,Raleigh
Thongs,Underwear,165.84,4.7,1927,529,0.46,4,12-13-2023,Charleston
Boxers,Underwear,165.52,1.9,2663,890,0.05,1278,3-28-2024,Reno
Briefs,Underwear,17.85,4.9,2636,484,0.3,1281,02-06-2024,Bronx
Boxers,Underwear,203.1,4.4,253,187,0.4,782,06-07-2024,Columbia
Panties,Underwear,450.63,3.5,654,361,0.24,1798,05-03-2024,Akron
Thongs,Underwear,341.44,2.2,3823,739,0.38,576,06-01-2024,Oklahoma City
Thongs,Underwear,312.14,1.2,1244,852,0.23,236,11-06-2023,Atlanta
Panties,Underwear,112.46,1.5,989,188,0.49,615,07-12-2023,McAllen
Panties,Underwear,20.29,1.1,4452,255,0.44,1755,06-03-2024,Cleveland
Thongs,Underwear,207.49,3.5,4379,311,0.06,481,10-30-2023,Spokane
Boxers,Underwear,228.18,3,569,589,0.05,421,7-24-2023,Columbia
Boxers,Underwear,172.76,3.8,1223,100,0.46,1609,12-24-2023,Denver
Boxers,Underwear,125.44,2.2,220,594,0.12,521,06-08-2024,Indianapolis
Panties,Underwear,324.96,3.9,4310,971,0.12,100,06-03-2024,Charleston
Boxers,Underwear,426.75,4,3134,632,0.16,104,9-26-2023,Birmingham
Boxers,Underwear,308.02,2.8,3099,681,0.46,1651,04-04-2024,Columbia
Briefs,Underwear,242.41,1.7,2415,250,0.03,1954,12-21-2023,Cape Coral
Briefs,Underwear,340.28,1.1,918,149,0.04,58,7-24-2023,San Francisco
Panties,Underwear,135.64,4.7,3815,246,0.4,1262,12-27-2023,Tucson
Thongs,Underwear,216.16,3,3799,688,0.36,1103,12-10-2023,Oklahoma City
Panties,Underwear,361.51,2.8,4573,925,0.48,1237,07-06-2023,Washington
Briefs,Underwear,432.85,2.9,587,310,0.02,707,6-27-2023,Baltimore
Thongs,Underwear,109.96,4.3,4020,83,0.03,667,5-27-2024,Grand Rapids
Boxers,Underwear,206.83,3,2084,332,0.33,44,11-19-2023,Brooklyn
Briefs,Underwear,261.46,3.9,18,364,0.1,1784,2-16-2024,Provo
Thongs,Underwear,194.17,4.3,4150,777,0.23,1320,10-25-2023,Provo
Boxers,Underwear,230.62,2,1467,127,0.03,391,12-02-2023,Bonita Springs
Thongs,Underwear,481.09,3.5,4144,776,0.02,1081,12-10-2023,Oakland
Briefs,Underwear,239.18,3.4,2194,483,0.28,1676,7-14-2023,Rochester
Thongs,Underwear,447.72,2.7,4016,803,0.24,1289,03-09-2024,Columbia
Briefs,Underwear,455.34,4.1,2266,532,0.47,79,08-05-2023,Salt Lake City
Briefs,Underwear,259.39,2.8,693,24,0.48,631,09-09-2023,Memphis
Briefs,Underwear,168.92,4.8,4114,383,0.35,236,09-09-2023,Birmingham
Panties,Underwear,50.46,1.6,4734,236,0.26,54,12-23-2023,Birmingham
Boxers,Underwear,436.14,2.9,372,972,0.17,200,07-11-2023,Tampa
Boxers,Underwear,407.23,4.8,3189,702,0.31,314,09-10-2023,Washington
Boxers,Underwear,16.96,2,574,573,0.35,1552,7-23-2023,Phoenix
Panties,Underwear,434.92,4.8,1104,550,0.2,428,11-28-2023,San Juan
Oil Filter,Motor vehicle parts,254.18,3.4,1992,195,0.27,13,7-23-2023,Allentown
Oil Filter,Motor vehicle parts,54.37,3.7,528,797,0.39,1634,09-07-2023,Raleigh
Brake Pads,Motor vehicle parts,448.91,1.1,3336,270,0.02,1723,11-11-2023,Pittsburgh
Spark Plugs,Motor vehicle parts,177.61,4.2,3392,724,0.11,640,06-02-2024,Long Beach
Spark Plugs,Motor vehicle parts,80.34,1.7,4198,891,0.26,1903,5-16-2024,Dayton
Car Battery,Motor vehicle parts,433.08,1.6,988,81,0.43,821,10-02-2023,Denton
Oil Filter,Motor vehicle parts,192.3,1.4,2440,712,0.12,1278,12-16-2023,Louisville
Spark Plugs,Motor vehicle parts,279.67,3.1,2205,3,0.42,959,11-21-2023,Fresno
Oil Filter,Motor vehicle parts,267.79,3.8,3350,815,0.37,677,08-06-2023,Virginia Beach
Car Battery,Motor vehicle parts,412.66,1.6,1158,696,0.02,617,1-31-2024,Fresno
Car Battery,Motor vehicle parts,104.21,2.2,4681,462,0.29,121,5-26-2024,Concord
Car Battery,Motor vehicle parts,208.5,1,2042,502,0.25,1697,11-27-2023,Philadelphia
Oil Filter,Motor vehicle parts,302.11,4,417,555,0.34,325,12-17-2023,Bridgeport
Brake Pads,Motor vehicle parts,235.56,1.9,2261,853,0.48,1602,7-16-2023,San Jose
Brake Pads,Motor vehicle parts,180.43,3.5,3905,3,0.04,599,5-26-2024,Mesa
Car Battery,Motor vehicle parts,114.64,2.6,1993,904,0.11,722,09-09-2023,New Haven
Car Battery,Motor vehicle parts,434.45,4.5,4354,323,0.12,1191,12-19-2023,Bronx
Oil Filter,Motor vehicle parts,185.74,2.1,4568,295,0.05,813,7-14-2023,Las Vegas
Brake Pads,Motor vehicle parts,186.24,3.7,1767,240,0.03,769,10-07-2023,Hartford
Brake Pads,Motor vehicle parts,210.5,2.3,4266,473,0.22,1130,7-25-2023,Dayton
Spark Plugs,Motor vehicle parts,409.89,4.9,3686,550,0.03,1848,12-14-2023,El Paso
Brake Pads,Motor vehicle parts,308.74,4.7,3957,335,0.28,1570,9-27-2023,Hartford
Car Battery,Motor vehicle parts,173.55,3.3,2886,116,0.28,1897,2-17-2024,Rochester
Oil Filter,Motor vehicle parts,227.87,1.1,4934,65,0.46,446,5-23-2024,Bonita Springs
Brake Pads,Motor vehicle parts,35.83,2.8,2758,550,0.46,394,7-22-2023,New York
Brake Pads,Motor vehicle parts,159.02,3.5,1189,641,0.45,1875,3-15-2024,San Francisco
Spark Plugs,Motor vehicle parts,325.51,4.3,3748,48,0.32,1813,2-19-2024,San Jose
Spark Plugs,Motor vehicle parts,133.39,4.3,1397,372,0.43,1778,7-28-2023,Queens
Oil Filter,Motor vehicle parts,139.91,2.7,81,86,0.08,821,6-20-2023,Providence
Spark Plugs,Motor vehicle parts,249.39,3.1,1932,680,0.13,1860,03-12-2024,Tulsa
Brake Pads,Motor vehicle parts,73.25,4,3933,313,0.31,1945,02-05-2024,Buffalo
Spark Plugs,Motor vehicle parts,76.47,2,2597,452,0.47,737,4-20-2024,Harrisburg
Spark Plugs,Motor vehicle parts,232.42,3,1928,575,0.14,636,12-16-2023,Springfield
Spark Plugs,Motor vehicle parts,498.86,2.1,4124,371,0.33,1893,11-22-2023,Salt Lake City
Spark Plugs,Motor vehicle parts,119.27,2.6,1125,45,0.01,1187,2-22-2024,Houston
Oil Filter,Motor vehicle parts,440.87,3.1,3362,670,0.13,896,09-05-2023,Kansas City
Spark Plugs,Motor vehicle parts,225.17,1.2,1074,897,0.41,491,04-04-2024,Raleigh
Brake Pads,Motor vehicle parts,219.18,2.9,4284,414,0.32,1099,12-31-2023,Charlotte
Oil Filter,Motor vehicle parts,466.42,2.4,3055,688,0.49,1412,11-07-2023,Harrisburg
Brake Pads,Motor vehicle parts,377.28,3.8,2302,235,0.03,1284,10-02-2023,San Diego
Charger,Mobile phone accessories,331.2,1.2,258,947,0.36,524,11-17-2023,Provo
Charger,Mobile phone accessories,252.05,4.5,2202,677,0.25,1853,6-20-2023,Sacramento
Screen Protector,Mobile phone accessories,469.45,2.4,4724,198,0.1,532,11-25-2023,Phoenix
Charger,Mobile phone accessories,319.21,1.1,4343,787,0.26,1325,11-25-2023,St. Louis
Screen Protector,Mobile phone accessories,177.77,3.2,3342,605,0.38,1820,3-24-2024,Oklahoma City
Earbuds,Mobile phone accessories,102.23,1.7,838,406,0.2,1116,3-24-2024,St. Louis
Screen Protector,Mobile phone accessories,34.01,3.3,4468,224,0.27,1272,3-13-2024,New York
Earbuds,Mobile phone accessories,483.61,2.8,1840,938,0.42,839,3-13-2024,Richmond
Phone Case,Mobile phone accessories,340.86,1.8,4771,872,0.06,1837,7-26-2023,Provo
Phone Case,Mobile phone accessories,382.03,3.5,3497,947,0.17,1148,7-26-2023,Portland
Screen Protector,Mobile phone accessories,293.59,3.5,1601,825,0.35,1622,7-26-2023,Pittsburgh
Earbuds,Mobile phone accessories,339.69,3,4631,367,0.15,1984,11-16-2023,Concord
Charger,Mobile phone accessories,479.41,1.1,3549,104,0.08,45,11-16-2023,Fort Worth
Charger,Mobile phone accessories,116.69,3.5,1836,921,0.24,535,11-16-2023,Manhattan
Earbuds,Mobile phone accessories,255.3,4.6,2063,570,0.32,1973,11-18-2023,Boise
Earbuds,Mobile phone accessories,291.23,2.4,2752,846,0.25,1603,8-18-2023,Little Rock
Phone Case,Mobile phone accessories,208.68,4.9,1505,102,0.45,177,8-18-2023,Bronx
Charger,Mobile phone accessories,133.64,4.7,2096,537,0.1,175,3-25-2024,St. Louis
Screen Protector,Mobile phone accessories,454.42,1.7,1667,275,0.23,675,8-29-2023,San Diego
Earbuds,Mobile phone accessories,265.23,2.9,546,111,0.41,35,8-29-2023,New York
Earbuds,Mobile phone accessories,217.24,4.2,4402,533,0.23,1132,6-21-2023,Kansas City
Phone Case,Mobile phone accessories,277.04,1.3,2739,180,0.08,1487,12-26-2023,Denver
Screen Protector,Mobile phone accessories,273.27,3.7,2431,811,0.31,38,12-26-2023,Louisville
Screen Protector,Mobile phone accessories,94.38,2.7,4766,242,0.42,1997,4-24-2024,Bonita Springs
Phone Case,Mobile phone accessories,99.88,1,4025,870,0.07,946,4-24-2024,Miami
Charger,Mobile phone accessories,119.57,4.4,3665,655,0.22,540,9-16-2023,Dallas
Charger,Mobile phone accessories,48.37,3.3,505,105,0.22,1194,9-16-2023,Tucson
Phone Case,Mobile phone accessories,438.62,3.9,4067,99,0.44,1597,12-10-2023,Manhattan
Phone Case,Mobile phone accessories,320.26,3.9,4727,681,0.01,1884,9-26-2023,Oakland
Screen Protector,Mobile phone accessories,234.29,1.4,3302,719,0.47,1922,2-19-2024,Houston
Screen Protector,Mobile phone accessories,95.24,1.2,4969,721,0.46,1555,4-15-2024,Virginia Beach
Earbuds,Mobile phone accessories,499.68,1.8,886,461,0.34,1075,8-24-2023,Tampa
Earbuds,Mobile phone accessories,256.41,4.2,926,556,0.48,1055,8-28-2023,Madison
Screen Protector,Mobile phone accessories,265.65,1.9,1052,642,0.1,252,8-31-2023,Fresno
Phone Case,Mobile phone accessories,177.69,4.9,4525,579,0.21,1164,10-25-2023,Atlanta
Earbuds,Mobile phone accessories,77.49,1.2,1468,757,0.03,575,05-12-2024,Provo
Earbuds,Mobile phone accessories,395.39,2,1645,580,0.22,811,7-18-2023,Mesa
Earbuds,Mobile phone accessories,492.03,2.4,3142,766,0.18,1590,7-25-2023,Boston
Phone Case,Mobile phone accessories,26.86,3.5,810,187,0.3,809,11-21-2023,Concord
Phone Case,Mobile phone accessories,360.33,2,2705,596,0.31,947,4-27-2024,Orlando
Throw Blanket,Blankets,438.03,1.9,3697,490,0.37,891,5-13-2024,Bakersfield
Throw Blanket,Blankets,442.17,4.8,4376,274,0.2,718,7-20-2023,Raleigh
Electric Blanket,Blankets,14.22,1.1,2073,26,0.23,1919,12-25-2023,Jacksonville
Fleece Blanket,Blankets,217.12,3.9,4324,978,0.13,527,09-07-2023,Houston
Electric Blanket,Blankets,298.33,1.8,2153,731,0.03,1712,09-04-2023,Madison
Fleece Blanket,Blankets,136.57,4.5,2720,618,0.22,1770,5-25-2024,Rochester
Weighted Blanket,Blankets,37.31,4.6,3788,550,0.25,1711,10-15-2023,Staten Island
Weighted Blanket,Blankets,152.59,4.5,677,105,0.36,1946,04-01-2024,Atlanta
Throw Blanket,Blankets,104.23,2.9,3257,69,0.42,1269,9-24-2023,Phoenix
Weighted Blanket,Blankets,271.2,3.5,1301,562,0.06,454,2-29-2024,Cincinnati
Weighted Blanket,Blankets,465.67,2.8,1417,500,0.15,1544,3-25-2024,Ogden
Throw Blanket,Blankets,209.1,4.7,1209,33,0.06,130,2-13-2024,San Jose
Electric Blanket,Blankets,336.54,2.1,2544,402,0.05,614,7-19-2023,Tampa
Throw Blanket,Blankets,481.48,4.9,120,605,0.24,128,3-13-2024,Portland
Throw Blanket,Blankets,311.1,4.6,332,296,0.17,1196,11-17-2023,Pittsburgh
Throw Blanket,Blankets,118.14,3.1,4234,502,0.4,28,1-21-2024,Phoenix
Throw Blanket,Blankets,111.33,4.7,1865,944,0.48,63,10-13-2023,San Jose
Weighted Blanket,Blankets,141.74,5,1906,231,0.07,1218,7-14-2023,Birmingham
Throw Blanket,Blankets,311.98,1.2,3985,392,0.31,1172,10-07-2023,Staten Island
Fleece Blanket,Blankets,206.17,4.8,4293,555,0.24,1452,5-26-2024,Pittsburgh
Electric Blanket,Blankets,347.7,2.4,4994,75,0.41,961,10-08-2023,Sacramento
Weighted Blanket,Blankets,404.51,4.4,392,84,0.48,610,07-01-2023,Harrisburg
Fleece Blanket,Blankets,194.73,4.9,3677,173,0.01,219,05-12-2024,Bakersfield
Electric Blanket,Blankets,80.1,1.1,616,538,0.47,870,03-03-2024,Miami
Fleece Blanket,Blankets,177.42,4.8,340,860,0.36,1340,05-05-2024,Oakland
Throw Blanket,Blankets,345.37,3,2975,25,0.24,1346,10-31-2023,Bakersfield
Fleece Blanket,Blankets,94.47,4.5,3979,559,0.08,370,8-26-2023,Indianapolis
Throw Blanket,Blankets,383.64,3.3,1228,696,0.4,386,08-08-2023,Ogden
Throw Blanket,Blankets,255.92,2.8,1781,160,0.07,1969,11-13-2023,Boston
Throw Blanket,Blankets,409.36,2,550,600,0.05,991,10-02-2023,Richmond
Throw Blanket,Blankets,48.75,2.8,2737,588,0.48,991,5-28-2024,Ogden
Throw Blanket,Blankets,57.35,2.1,4264,329,0.44,1328,1-18-2024,Richmond
Electric Blanket,Blankets,214.76,1.2,527,226,0.08,1564,1-13-2024,Akron
Fleece Blanket,Blankets,61.84,3,1176,788,0.47,56,12-09-2023,Long Beach
Weighted Blanket,Blankets,269.34,3.3,2513,662,0.17,800,10-25-2023,San Antonio
Throw Blanket,Blankets,207.72,2.3,1973,16,0.46,325,2-13-2024,Baton Rouge
Fleece Blanket,Blankets,268.6,3.2,841,201,0.39,1546,07-01-2023,Worcester
Throw Blanket,Blankets,92.74,2.8,3454,880,0.02,1295,10-29-2023,Raleigh
Weighted Blanket,Blankets,152.28,1.3,2850,752,0.34,1962,10-28-2023,Nashville
Throw Blanket,Blankets,136.53,2,4055,282,0.38,1089,1-27-2024,San Francisco
